session_id,timestamp,time_since_start,time_since_last_event,event_type,client_x,client_y,relative_x,relative_y,page_x,page_y,screen_x,screen_y,button,buttons,ctrl_key,shift_key,alt_key,meta_key,velocity,acceleration,direction,user_agent,screen_width,screen_height,viewport_width,viewport_height,user_type,challenge_type
session_1763498805819_munrsryzl,1763498805972,153.0,153.0,mousemove,464,534,38.5,245.5,464,534,673,622,0,1,False,False,False,False,0.0,0.0,0.0,"Mozilla/5.0 (Macintosh; Intel Mac OS X 10_15_7) AppleWebKit/537.36 (KHTML, like Gecko) Chrome/141.0.0.0 Safari/537.36",1470,956,1251,772,human,captcha1_success
session_1763498805819_munrsryzl,1763498805989,169.7,16.7,mousemove,465,534,39.5,245.5,465,534,674,622,0,1,False,False,False,False,59.88,3585.64,0.0,"Mozilla/5.0 (Macintosh; Intel Mac OS X 10_15_7) AppleWebKit/537.36 (KHTML, like Gecko) Chrome/141.0.0.0 Safari/537.36",1470,956,1251,772,human,captcha1_success
session_1763498805819_munrsryzl,1763498806006,186.9,17.2,mousemove,468,534,42.5,245.5,468,534,677,622,0,1,False,False,False,False,174.42,6659.22,0.0,"Mozilla/5.0 (Macintosh; Intel Mac OS X 10_15_7) AppleWebKit/537.36 (KHTML, like Gecko) Chrome/141.0.0.0 Safari/537.36",1470,956,1251,772,human,captcha1_success
session_1763498805819_munrsryzl,1763498806022,202.8,15.9,mousemove,476,534,50.5,245.5,476,534,685,622,0,1,False,False,False,False,503.14,20674.51,0.0,"Mozilla/5.0 (Macintosh; Intel Mac OS X 10_15_7) AppleWebKit/537.36 (KHTML, like Gecko) Chrome/141.0.0.0 Safari/537.36",1470,956,1251,772,human,captcha1_success
session_1763498805819_munrsryzl,1763498806054,235.1,32.3,mousemove,495,534,69.5,245.5,495,534,704,622,0,1,False,False,False,False,588.24,2634.53,0.0,"Mozilla/5.0 (Macintosh; Intel Mac OS X 10_15_7) AppleWebKit/537.36 (KHTML, like Gecko) Chrome/141.0.0.0 Safari/537.36",1470,956,1251,772,human,captcha1_success
session_1763498805819_munrsryzl,1763498806073,253.5,18.4,mousemove,506,534,80.5,245.5,506,534,715,622,0,1,False,False,False,False,597.83,520.98,0.0,"Mozilla/5.0 (Macintosh; Intel Mac OS X 10_15_7) AppleWebKit/537.36 (KHTML, like Gecko) Chrome/141.0.0.0 Safari/537.36",1470,956,1251,772,human,captcha1_success
session_1763498805819_munrsryzl,1763498806089,270.1,16.6,mousemove,519,534,93.5,245.5,519,534,728,622,0,1,False,False,False,False,783.13,11162.8,0.0,"Mozilla/5.0 (Macintosh; Intel Mac OS X 10_15_7) AppleWebKit/537.36 (KHTML, like Gecko) Chrome/141.0.0.0 Safari/537.36",1470,956,1251,772,human,captcha1_success
session_1763498805819_munrsryzl,1763498806105,286.0,15.9,mousemove,530,534,104.5,245.5,530,534,739,622,0,1,False,False,False,False,691.82,-5742.52,0.0,"Mozilla/5.0 (Macintosh; Intel Mac OS X 10_15_7) AppleWebKit/537.36 (KHTML, like Gecko) Chrome/141.0.0.0 Safari/537.36",1470,956,1251,772,human,captcha1_success
session_1763498805819_munrsryzl,1763498806122,302.8,16.8,mousemove,540,534,114.5,245.5,540,534,749,622,0,1,False,False,False,False,595.24,-5748.92,0.0,"Mozilla/5.0 (Macintosh; Intel Mac OS X 10_15_7) AppleWebKit/537.36 (KHTML, like Gecko) Chrome/141.0.0.0 Safari/537.36",1470,956,1251,772,human,captcha1_success
session_1763498805819_munrsryzl,1763498806139,319.6,16.8,mousemove,548,534,122.5,245.5,548,534,757,622,0,1,False,False,False,False,476.19,-7086.28,0.0,"Mozilla/5.0 (Macintosh; Intel Mac OS X 10_15_7) AppleWebKit/537.36 (KHTML, like Gecko) Chrome/141.0.0.0 Safari/537.36",1470,956,1251,772,human,captcha1_success
session_1763498805819_munrsryzl,1763498806155,336.1,16.5,mousemove,555,534,129.5,245.5,555,534,764,622,0,1,False,False,False,False,424.24,-3148.34,0.0,"Mozilla/5.0 (Macintosh; Intel Mac OS X 10_15_7) AppleWebKit/537.36 (KHTML, like Gecko) Chrome/141.0.0.0 Safari/537.36",1470,956,1251,772,human,captcha1_success
session_1763498805819_munrsryzl,1763498806172,352.6,16.5,mousemove,562,534,136.5,245.5,562,534,771,622,0,1,False,False,False,False,424.24,0.15,0.0,"Mozilla/5.0 (Macintosh; Intel Mac OS X 10_15_7) AppleWebKit/537.36 (KHTML, like Gecko) Chrome/141.0.0.0 Safari/537.36",1470,956,1251,772,human,captcha1_success
session_1763498805819_munrsryzl,1763498806188,369.1,16.5,mousemove,567,534,141.5,245.5,567,534,776,622,0,1,False,False,False,False,303.03,-7346.04,0.0,"Mozilla/5.0 (Macintosh; Intel Mac OS X 10_15_7) AppleWebKit/537.36 (KHTML, like Gecko) Chrome/141.0.0.0 Safari/537.36",1470,956,1251,772,human,captcha1_success
session_1763498805819_munrsryzl,1763498806205,386.0,16.9,mousemove,571,534,145.5,245.5,571,534,780,622,0,1,False,False,False,False,236.69,-3925.66,0.0,"Mozilla/5.0 (Macintosh; Intel Mac OS X 10_15_7) AppleWebKit/537.36 (KHTML, like Gecko) Chrome/141.0.0.0 Safari/537.36",1470,956,1251,772,human,captcha1_success
session_1763498805819_munrsryzl,1763498806221,402.6,16.6,mousemove,575,535,149.5,246.5,575,535,784,623,0,1,False,False,False,False,248.38,704.21,14.04,"Mozilla/5.0 (Macintosh; Intel Mac OS X 10_15_7) AppleWebKit/537.36 (KHTML, like Gecko) Chrome/141.0.0.0 Safari/537.36",1470,956,1251,772,human,captcha1_success
session_1763498805819_munrsryzl,1763498806239,419.7,17.1,mousemove,579,536,153.5,247.5,579,536,788,624,0,1,False,False,False,False,241.12,-424.72,14.04,"Mozilla/5.0 (Macintosh; Intel Mac OS X 10_15_7) AppleWebKit/537.36 (KHTML, like Gecko) Chrome/141.0.0.0 Safari/537.36",1470,956,1251,772,human,captcha1_success
session_1763498805819_munrsryzl,1763498806255,435.8,16.1,mousemove,581,536,155.5,247.5,581,536,790,624,0,1,False,False,False,False,124.22,-7260.65,0.0,"Mozilla/5.0 (Macintosh; Intel Mac OS X 10_15_7) AppleWebKit/537.36 (KHTML, like Gecko) Chrome/141.0.0.0 Safari/537.36",1470,956,1251,772,human,captcha1_success
session_1763498805819_munrsryzl,1763498806272,452.8,17.0,mousemove,584,537,158.5,248.5,584,537,793,625,0,1,False,False,False,False,186.02,3635.08,18.43,"Mozilla/5.0 (Macintosh; Intel Mac OS X 10_15_7) AppleWebKit/537.36 (KHTML, like Gecko) Chrome/141.0.0.0 Safari/537.36",1470,956,1251,772,human,captcha1_success
session_1763498805819_munrsryzl,1763498806288,469.5,16.7,mousemove,587,537,161.5,248.5,587,537,796,625,0,1,False,False,False,False,179.64,-381.99,0.0,"Mozilla/5.0 (Macintosh; Intel Mac OS X 10_15_7) AppleWebKit/537.36 (KHTML, like Gecko) Chrome/141.0.0.0 Safari/537.36",1470,956,1251,772,human,captcha1_success
session_1763498805819_munrsryzl,1763498806305,486.0,16.5,mousemove,591,538,165.5,249.5,591,538,800,626,0,1,False,False,False,False,249.89,4257.28,14.04,"Mozilla/5.0 (Macintosh; Intel Mac OS X 10_15_7) AppleWebKit/537.36 (KHTML, like Gecko) Chrome/141.0.0.0 Safari/537.36",1470,956,1251,772,human,captcha1_success
session_1763498805819_munrsryzl,1763498806321,502.3,16.3,mousemove,595,538,169.5,249.5,595,538,804,626,0,1,False,False,False,False,245.4,-275.54,0.0,"Mozilla/5.0 (Macintosh; Intel Mac OS X 10_15_7) AppleWebKit/537.36 (KHTML, like Gecko) Chrome/141.0.0.0 Safari/537.36",1470,956,1251,772,human,captcha1_success
session_1763498805819_munrsryzl,1763498806338,519.0,16.7,mousemove,599,539,173.5,250.5,599,539,808,627,0,1,False,False,False,False,246.89,89.37,14.04,"Mozilla/5.0 (Macintosh; Intel Mac OS X 10_15_7) AppleWebKit/537.36 (KHTML, like Gecko) Chrome/141.0.0.0 Safari/537.36",1470,956,1251,772,human,captcha1_success
session_1763498805819_munrsryzl,1763498806355,535.9,16.9,mousemove,603,540,177.5,251.5,603,540,812,628,0,1,False,False,False,False,243.97,-172.74,14.04,"Mozilla/5.0 (Macintosh; Intel Mac OS X 10_15_7) AppleWebKit/537.36 (KHTML, like Gecko) Chrome/141.0.0.0 Safari/537.36",1470,956,1251,772,human,captcha1_success
session_1763498805819_munrsryzl,1763498806371,552.5,16.6,mousemove,606,540,180.5,251.5,606,540,815,628,0,1,False,False,False,False,180.72,-3810.07,0.0,"Mozilla/5.0 (Macintosh; Intel Mac OS X 10_15_7) AppleWebKit/537.36 (KHTML, like Gecko) Chrome/141.0.0.0 Safari/537.36",1470,956,1251,772,human,captcha1_success
session_1763498805819_munrsryzl,1763498806388,569.1,16.6,mousemove,610,540,184.5,251.5,610,540,819,628,0,1,False,False,False,False,240.96,3629.15,0.0,"Mozilla/5.0 (Macintosh; Intel Mac OS X 10_15_7) AppleWebKit/537.36 (KHTML, like Gecko) Chrome/141.0.0.0 Safari/537.36",1470,956,1251,772,human,captcha1_success
session_1763498805819_munrsryzl,1763498806405,586.2,17.1,mousemove,615,541,189.5,252.5,615,541,824,629,0,1,False,False,False,False,298.19,3346.68,11.31,"Mozilla/5.0 (Macintosh; Intel Mac OS X 10_15_7) AppleWebKit/537.36 (KHTML, like Gecko) Chrome/141.0.0.0 Safari/537.36",1470,956,1251,772,human,captcha1_success
session_1763498805819_munrsryzl,1763498806422,602.7,16.5,mousemove,619,541,193.5,252.5,619,541,828,629,0,1,False,False,False,False,242.42,-3379.74,0.0,"Mozilla/5.0 (Macintosh; Intel Mac OS X 10_15_7) AppleWebKit/537.36 (KHTML, like Gecko) Chrome/141.0.0.0 Safari/537.36",1470,956,1251,772,human,captcha1_success
session_1763498805819_munrsryzl,1763498806438,618.8,16.1,mousemove,623,542,197.5,253.5,623,542,832,630,0,1,False,False,False,False,256.09,849.29,14.04,"Mozilla/5.0 (Macintosh; Intel Mac OS X 10_15_7) AppleWebKit/537.36 (KHTML, like Gecko) Chrome/141.0.0.0 Safari/537.36",1470,956,1251,772,human,captcha1_success
session_1763498805819_munrsryzl,1763498806455,635.7,16.9,mousemove,626,542,200.5,253.5,626,542,835,630,0,1,False,False,False,False,177.51,-4649.42,0.0,"Mozilla/5.0 (Macintosh; Intel Mac OS X 10_15_7) AppleWebKit/537.36 (KHTML, like Gecko) Chrome/141.0.0.0 Safari/537.36",1470,956,1251,772,human,captcha1_success
session_1763498805819_munrsryzl,1763498806472,652.6,16.9,mousemove,629,542,203.5,253.5,629,542,838,630,0,1,False,False,False,False,177.51,0.28,0.0,"Mozilla/5.0 (Macintosh; Intel Mac OS X 10_15_7) AppleWebKit/537.36 (KHTML, like Gecko) Chrome/141.0.0.0 Safari/537.36",1470,956,1251,772,human,captcha1_success
session_1763498805819_munrsryzl,1763498806488,669.1,16.5,mousemove,631,542,205.5,253.5,631,542,840,630,0,1,False,False,False,False,121.21,-3411.99,0.0,"Mozilla/5.0 (Macintosh; Intel Mac OS X 10_15_7) AppleWebKit/537.36 (KHTML, like Gecko) Chrome/141.0.0.0 Safari/537.36",1470,956,1251,772,human,captcha1_success
session_1763498805819_munrsryzl,1763498806505,686.0,16.9,mousemove,633,543,207.5,254.5,633,543,842,631,0,1,False,False,False,False,132.31,656.91,26.57,"Mozilla/5.0 (Macintosh; Intel Mac OS X 10_15_7) AppleWebKit/537.36 (KHTML, like Gecko) Chrome/141.0.0.0 Safari/537.36",1470,956,1251,772,human,captcha1_success
session_1763498805819_munrsryzl,1763498806521,702.6,16.6,mousemove,635,543,209.5,254.5,635,543,844,631,0,1,False,False,False,False,120.48,-712.53,0.0,"Mozilla/5.0 (Macintosh; Intel Mac OS X 10_15_7) AppleWebKit/537.36 (KHTML, like Gecko) Chrome/141.0.0.0 Safari/537.36",1470,956,1251,772,human,captcha1_success
session_1763498805819_munrsryzl,1763498806538,719.1,16.5,mousemove,636,544,210.5,255.5,636,544,845,632,0,1,False,False,False,False,85.71,-2107.28,45.0,"Mozilla/5.0 (Macintosh; Intel Mac OS X 10_15_7) AppleWebKit/537.36 (KHTML, like Gecko) Chrome/141.0.0.0 Safari/537.36",1470,956,1251,772,human,captcha1_success
session_1763498805819_munrsryzl,1763498806555,735.9,16.8,mousemove,638,544,212.5,255.5,638,544,847,632,0,1,False,False,False,False,119.05,1984.38,0.0,"Mozilla/5.0 (Macintosh; Intel Mac OS X 10_15_7) AppleWebKit/537.36 (KHTML, like Gecko) Chrome/141.0.0.0 Safari/537.36",1470,956,1251,772,human,captcha1_success
session_1763498805819_munrsryzl,1763498806571,752.4,16.5,mousemove,640,544,214.5,255.5,640,544,849,632,0,1,False,False,False,False,121.21,131.04,0.0,"Mozilla/5.0 (Macintosh; Intel Mac OS X 10_15_7) AppleWebKit/537.36 (KHTML, like Gecko) Chrome/141.0.0.0 Safari/537.36",1470,956,1251,772,human,captcha1_success
session_1763498805819_munrsryzl,1763498806588,769.1,16.7,mousemove,642,545,216.5,256.5,642,545,851,633,0,1,False,False,False,False,133.9,759.66,26.57,"Mozilla/5.0 (Macintosh; Intel Mac OS X 10_15_7) AppleWebKit/537.36 (KHTML, like Gecko) Chrome/141.0.0.0 Safari/537.36",1470,956,1251,772,human,captcha1_success
session_1763498805819_munrsryzl,1763498806605,785.8,16.7,mousemove,643,545,217.5,256.5,643,545,852,633,0,1,False,False,False,False,59.88,-4432.32,0.0,"Mozilla/5.0 (Macintosh; Intel Mac OS X 10_15_7) AppleWebKit/537.36 (KHTML, like Gecko) Chrome/141.0.0.0 Safari/537.36",1470,956,1251,772,human,captcha1_success
session_1763498805819_munrsryzl,1763498806621,802.3,16.5,mousemove,644,545,218.5,256.5,644,545,853,633,0,1,False,False,False,False,60.61,44.0,0.0,"Mozilla/5.0 (Macintosh; Intel Mac OS X 10_15_7) AppleWebKit/537.36 (KHTML, like Gecko) Chrome/141.0.0.0 Safari/537.36",1470,956,1251,772,human,captcha1_success
session_1763498805819_munrsryzl,1763498806638,818.9,16.6,mousemove,646,545,220.5,256.5,646,545,855,633,0,1,False,False,False,False,120.48,3606.74,0.0,"Mozilla/5.0 (Macintosh; Intel Mac OS X 10_15_7) AppleWebKit/537.36 (KHTML, like Gecko) Chrome/141.0.0.0 Safari/537.36",1470,956,1251,772,human,captcha1_success
session_1763498805819_munrsryzl,1763498806655,835.7,16.8,mousemove,647,545,221.5,256.5,647,545,856,633,0,1,False,False,False,False,59.52,-3628.34,0.0,"Mozilla/5.0 (Macintosh; Intel Mac OS X 10_15_7) AppleWebKit/537.36 (KHTML, like Gecko) Chrome/141.0.0.0 Safari/537.36",1470,956,1251,772,human,captcha1_success
session_1763498805819_munrsryzl,1763498806671,852.3,16.6,mousemove,647,545,221.5,256.5,647,545,856,633,0,1,False,False,False,False,0.0,-3585.54,0.0,"Mozilla/5.0 (Macintosh; Intel Mac OS X 10_15_7) AppleWebKit/537.36 (KHTML, like Gecko) Chrome/141.0.0.0 Safari/537.36",1470,956,1251,772,human,captcha1_success
session_1763498805819_munrsryzl,1763498806688,868.9,16.6,mousemove,648,545,222.5,256.5,648,545,857,633,0,1,False,False,False,False,60.24,3628.97,0.0,"Mozilla/5.0 (Macintosh; Intel Mac OS X 10_15_7) AppleWebKit/537.36 (KHTML, like Gecko) Chrome/141.0.0.0 Safari/537.36",1470,956,1251,772,human,captcha1_success
session_1763498805819_munrsryzl,1763498806705,885.7,16.8,mousemove,649,545,223.5,256.5,649,545,858,633,0,1,False,False,False,False,59.52,-42.63,0.0,"Mozilla/5.0 (Macintosh; Intel Mac OS X 10_15_7) AppleWebKit/537.36 (KHTML, like Gecko) Chrome/141.0.0.0 Safari/537.36",1470,956,1251,772,human,captcha1_success
session_1763498805819_munrsryzl,1763498806721,902.5,16.8,mousemove,650,545,224.5,256.5,650,545,859,633,0,1,False,False,False,False,59.52,0.23,0.0,"Mozilla/5.0 (Macintosh; Intel Mac OS X 10_15_7) AppleWebKit/537.36 (KHTML, like Gecko) Chrome/141.0.0.0 Safari/537.36",1470,956,1251,772,human,captcha1_success
session_1763498805819_munrsryzl,1763498806739,919.9,17.4,mousemove,651,545,225.5,256.5,651,545,860,633,0,1,False,False,False,False,57.47,-117.74,0.0,"Mozilla/5.0 (Macintosh; Intel Mac OS X 10_15_7) AppleWebKit/537.36 (KHTML, like Gecko) Chrome/141.0.0.0 Safari/537.36",1470,956,1251,772,human,captcha1_success
session_1763498805819_munrsryzl,1763498806754,934.9,15.0,mousemove,651,545,225.5,256.5,651,545,860,633,0,1,False,False,False,False,0.0,-3831.33,0.0,"Mozilla/5.0 (Macintosh; Intel Mac OS X 10_15_7) AppleWebKit/537.36 (KHTML, like Gecko) Chrome/141.0.0.0 Safari/537.36",1470,956,1251,772,human,captcha1_success
session_1763498805819_munrsryzl,1763498806771,952.3,17.4,mousemove,652,545,226.5,256.5,652,545,861,633,0,1,False,False,False,False,57.47,3302.95,0.0,"Mozilla/5.0 (Macintosh; Intel Mac OS X 10_15_7) AppleWebKit/537.36 (KHTML, like Gecko) Chrome/141.0.0.0 Safari/537.36",1470,956,1251,772,human,captcha1_success
session_1763498805819_munrsryzl,1763498806789,969.9,17.6,mousemove,652,544,226.5,255.5,652,544,861,632,0,1,False,False,False,False,56.82,-37.04,-90.0,"Mozilla/5.0 (Macintosh; Intel Mac OS X 10_15_7) AppleWebKit/537.36 (KHTML, like Gecko) Chrome/141.0.0.0 Safari/537.36",1470,956,1251,772,human,captcha1_success
session_1763498805819_munrsryzl,1763498806821,1002.3,32.4,mousemove,652,544,226.5,255.5,652,544,861,632,0,1,False,False,False,False,0.0,-1753.7,0.0,"Mozilla/5.0 (Macintosh; Intel Mac OS X 10_15_7) AppleWebKit/537.36 (KHTML, like Gecko) Chrome/141.0.0.0 Safari/537.36",1470,956,1251,772,human,captcha1_success
session_1763498805819_munrsryzl,1763498806888,1068.8,66.5,mousemove,653,544,227.5,255.5,653,544,862,632,0,1,False,False,False,False,15.04,226.13,0.0,"Mozilla/5.0 (Macintosh; Intel Mac OS X 10_15_7) AppleWebKit/537.36 (KHTML, like Gecko) Chrome/141.0.0.0 Safari/537.36",1470,956,1251,772,human,captcha1_success
session_1763498805819_munrsryzl,1763498806920,1101.4,32.6,mousemove,653,544,227.5,255.5,653,544,862,632,0,1,False,False,False,False,0.0,-461.35,0.0,"Mozilla/5.0 (Macintosh; Intel Mac OS X 10_15_7) AppleWebKit/537.36 (KHTML, like Gecko) Chrome/141.0.0.0 Safari/537.36",1470,956,1251,772,human,captcha1_success
session_1763498805819_munrsryzl,1763498806938,1118.8,17.4,mousemove,653,544,227.5,255.5,653,544,862,632,0,1,False,False,False,False,0.0,0.0,0.0,"Mozilla/5.0 (Macintosh; Intel Mac OS X 10_15_7) AppleWebKit/537.36 (KHTML, like Gecko) Chrome/141.0.0.0 Safari/537.36",1470,956,1251,772,human,captcha1_success
session_1763498805819_munrsryzl,1763498806954,1135.4,16.6,mousemove,653,544,227.5,255.5,653,544,862,632,0,1,False,False,False,False,0.0,0.0,0.0,"Mozilla/5.0 (Macintosh; Intel Mac OS X 10_15_7) AppleWebKit/537.36 (KHTML, like Gecko) Chrome/141.0.0.0 Safari/537.36",1470,956,1251,772,human,captcha1_success
session_1763498805819_munrsryzl,1763498806971,1152.2,16.8,mousemove,654,543,228.5,254.5,654,543,863,631,0,1,False,False,False,False,84.18,5010.68,-45.0,"Mozilla/5.0 (Macintosh; Intel Mac OS X 10_15_7) AppleWebKit/537.36 (KHTML, like Gecko) Chrome/141.0.0.0 Safari/537.36",1470,956,1251,772,human,captcha1_success
session_1763498805819_munrsryzl,1763498806988,1169.1,16.9,mousemove,655,543,229.5,254.5,655,543,864,631,0,1,False,False,False,False,59.17,-1479.79,0.0,"Mozilla/5.0 (Macintosh; Intel Mac OS X 10_15_7) AppleWebKit/537.36 (KHTML, like Gecko) Chrome/141.0.0.0 Safari/537.36",1470,956,1251,772,human,captcha1_success
session_1763498805819_munrsryzl,1763498807005,1185.9,16.8,mousemove,656,543,230.5,254.5,656,543,865,631,0,1,False,False,False,False,59.52,21.06,0.0,"Mozilla/5.0 (Macintosh; Intel Mac OS X 10_15_7) AppleWebKit/537.36 (KHTML, like Gecko) Chrome/141.0.0.0 Safari/537.36",1470,956,1251,772,human,captcha1_success
session_1763498805819_munrsryzl,1763498807021,1202.5,16.6,mousemove,657,542,231.5,253.5,657,542,866,630,0,1,False,False,False,False,85.19,1546.6,-45.0,"Mozilla/5.0 (Macintosh; Intel Mac OS X 10_15_7) AppleWebKit/537.36 (KHTML, like Gecko) Chrome/141.0.0.0 Safari/537.36",1470,956,1251,772,human,captcha1_success
session_1763498805819_munrsryzl,1763498807039,1219.9,17.4,mousemove,657,542,231.5,253.5,657,542,866,630,0,1,False,False,False,False,0.0,-4895.98,0.0,"Mozilla/5.0 (Macintosh; Intel Mac OS X 10_15_7) AppleWebKit/537.36 (KHTML, like Gecko) Chrome/141.0.0.0 Safari/537.36",1470,956,1251,772,human,captcha1_success
session_1763498805819_munrsryzl,1763498807255,1436.1,216.2,mousemove,657,542,231.5,253.5,657,542,866,630,0,1,False,False,False,False,0.0,0.0,0.0,"Mozilla/5.0 (Macintosh; Intel Mac OS X 10_15_7) AppleWebKit/537.36 (KHTML, like Gecko) Chrome/141.0.0.0 Safari/537.36",1470,956,1251,772,human,captcha1_success
session_1763498805819_munrsryzl,1763498807272,1453.0,16.9,mousemove,658,542,232.5,253.5,658,542,867,630,0,1,False,False,False,False,59.17,3501.28,0.0,"Mozilla/5.0 (Macintosh; Intel Mac OS X 10_15_7) AppleWebKit/537.36 (KHTML, like Gecko) Chrome/141.0.0.0 Safari/537.36",1470,956,1251,772,human,captcha1_success
session_1763498805819_munrsryzl,1763498807305,1486.5,33.5,mousemove,658,542,232.5,253.5,658,542,867,630,0,1,False,False,False,False,0.0,-1766.27,0.0,"Mozilla/5.0 (Macintosh; Intel Mac OS X 10_15_7) AppleWebKit/537.36 (KHTML, like Gecko) Chrome/141.0.0.0 Safari/537.36",1470,956,1251,772,human,captcha1_success
session_1763498805819_munrsryzl,1763498807322,1503.1,16.6,mousemove,658,542,232.5,253.5,658,542,867,630,0,1,False,False,False,False,0.0,0.0,0.0,"Mozilla/5.0 (Macintosh; Intel Mac OS X 10_15_7) AppleWebKit/537.36 (KHTML, like Gecko) Chrome/141.0.0.0 Safari/537.36",1470,956,1251,772,human,captcha1_success
session_1763498805819_munrsryzl,1763498807339,1519.9,16.8,mousemove,659,542,233.5,253.5,659,542,868,630,0,1,False,False,False,False,59.52,3543.08,0.0,"Mozilla/5.0 (Macintosh; Intel Mac OS X 10_15_7) AppleWebKit/537.36 (KHTML, like Gecko) Chrome/141.0.0.0 Safari/537.36",1470,956,1251,772,human,captcha1_success
session_1763498805819_munrsryzl,1763498807355,1536.5,16.6,mousemove,659,542,233.5,253.5,659,542,868,630,0,1,False,False,False,False,0.0,-3585.54,0.0,"Mozilla/5.0 (Macintosh; Intel Mac OS X 10_15_7) AppleWebKit/537.36 (KHTML, like Gecko) Chrome/141.0.0.0 Safari/537.36",1470,956,1251,772,human,captcha1_success
session_1763498805819_munrsryzl,1763498807372,1553.1,16.6,mousemove,660,542,234.5,253.5,660,542,869,630,0,1,False,False,False,False,60.24,3628.97,0.0,"Mozilla/5.0 (Macintosh; Intel Mac OS X 10_15_7) AppleWebKit/537.36 (KHTML, like Gecko) Chrome/141.0.0.0 Safari/537.36",1470,956,1251,772,human,captcha1_success
session_1763498805819_munrsryzl,1763498807389,1570.0,16.9,mousemove,661,542,235.5,253.5,661,542,870,630,0,1,False,False,False,False,59.17,-63.22,0.0,"Mozilla/5.0 (Macintosh; Intel Mac OS X 10_15_7) AppleWebKit/537.36 (KHTML, like Gecko) Chrome/141.0.0.0 Safari/537.36",1470,956,1251,772,human,captcha1_success
session_1763498805819_munrsryzl,1763498807405,1585.9,15.9,mousemove,662,542,236.5,253.5,662,542,871,630,0,1,False,False,False,False,62.89,234.16,0.0,"Mozilla/5.0 (Macintosh; Intel Mac OS X 10_15_7) AppleWebKit/537.36 (KHTML, like Gecko) Chrome/141.0.0.0 Safari/537.36",1470,956,1251,772,human,captcha1_success
session_1763498805819_munrsryzl,1763498807421,1602.3,16.4,mousemove,663,542,237.5,253.5,663,542,872,630,0,1,False,False,False,False,60.98,-116.73,0.0,"Mozilla/5.0 (Macintosh; Intel Mac OS X 10_15_7) AppleWebKit/537.36 (KHTML, like Gecko) Chrome/141.0.0.0 Safari/537.36",1470,956,1251,772,human,captcha1_success
session_1763498805819_munrsryzl,1763498807438,1619.0,16.7,mousemove,663,542,237.5,253.5,663,542,872,630,0,1,False,False,False,False,0.0,-3651.5,0.0,"Mozilla/5.0 (Macintosh; Intel Mac OS X 10_15_7) AppleWebKit/537.36 (KHTML, like Gecko) Chrome/141.0.0.0 Safari/537.36",1470,956,1251,772,human,captcha1_success
session_1763498805819_munrsryzl,1763498807738,1919.5,300.5,mousemove,663,542,237.5,253.5,663,542,872,630,0,1,False,False,False,False,0.0,0.0,0.0,"Mozilla/5.0 (Macintosh; Intel Mac OS X 10_15_7) AppleWebKit/537.36 (KHTML, like Gecko) Chrome/141.0.0.0 Safari/537.36",1470,956,1251,772,human,captcha1_success
session_1763498805819_munrsryzl,1763498807772,1952.9,33.4,mousemove,663,542,237.5,253.5,663,542,872,630,0,1,False,False,False,False,0.0,0.0,0.0,"Mozilla/5.0 (Macintosh; Intel Mac OS X 10_15_7) AppleWebKit/537.36 (KHTML, like Gecko) Chrome/141.0.0.0 Safari/537.36",1470,956,1251,772,human,captcha1_success
session_1763498805819_munrsryzl,1763498807805,1986.2,33.3,mousemove,664,542,238.5,253.5,664,542,873,630,0,1,False,False,False,False,30.03,901.8,0.0,"Mozilla/5.0 (Macintosh; Intel Mac OS X 10_15_7) AppleWebKit/537.36 (KHTML, like Gecko) Chrome/141.0.0.0 Safari/537.36",1470,956,1251,772,human,captcha1_success
session_1763498805819_munrsryzl,1763498808071,2251.9,265.7,mousemove,664,542,238.5,253.5,664,542,873,630,0,1,False,False,False,False,0.0,-113.02,0.0,"Mozilla/5.0 (Macintosh; Intel Mac OS X 10_15_7) AppleWebKit/537.36 (KHTML, like Gecko) Chrome/141.0.0.0 Safari/537.36",1470,956,1251,772,human,captcha1_success
session_1763498805819_munrsryzl,1763498808088,2269.6,17.7,mousemove,663,542,237.5,253.5,663,542,872,630,0,1,False,False,False,False,56.5,3191.93,180.0,"Mozilla/5.0 (Macintosh; Intel Mac OS X 10_15_7) AppleWebKit/537.36 (KHTML, like Gecko) Chrome/141.0.0.0 Safari/537.36",1470,956,1251,772,human,captcha1_success
session_1763498805819_munrsryzl,1763498808103,2283.7,14.1,mouseup,663,542,237.5,253.5,663,542,872,630,0,0,False,False,False,False,0.0,-4007.09,0.0,"Mozilla/5.0 (Macintosh; Intel Mac OS X 10_15_7) AppleWebKit/537.36 (KHTML, like Gecko) Chrome/141.0.0.0 Safari/537.36",1470,956,1251,772,human,captcha1_success
session_1763498811603_joshk0s9a,1763498811722,118.9,118.9,mousemove,452,540,26.5,251.5,452,540,661,628,0,1,False,False,False,False,0.0,0.0,0.0,"Mozilla/5.0 (Macintosh; Intel Mac OS X 10_15_7) AppleWebKit/537.36 (KHTML, like Gecko) Chrome/141.0.0.0 Safari/537.36",1470,956,1251,772,human,captcha1_success
session_1763498811603_joshk0s9a,1763498811739,136.1,17.2,mousemove,454,540,28.5,251.5,454,540,663,628,0,1,False,False,False,False,116.28,6760.41,0.0,"Mozilla/5.0 (Macintosh; Intel Mac OS X 10_15_7) AppleWebKit/537.36 (KHTML, like Gecko) Chrome/141.0.0.0 Safari/537.36",1470,956,1251,772,human,captcha1_success
session_1763498811603_joshk0s9a,1763498811755,152.7,16.6,mousemove,458,540,32.5,251.5,458,540,667,628,0,1,False,False,False,False,240.96,7511.08,0.0,"Mozilla/5.0 (Macintosh; Intel Mac OS X 10_15_7) AppleWebKit/537.36 (KHTML, like Gecko) Chrome/141.0.0.0 Safari/537.36",1470,956,1251,772,human,captcha1_success
session_1763498811603_joshk0s9a,1763498811772,169.4,16.7,mousemove,463,540,37.5,251.5,463,540,672,628,0,1,False,False,False,False,299.4,3499.47,0.0,"Mozilla/5.0 (Macintosh; Intel Mac OS X 10_15_7) AppleWebKit/537.36 (KHTML, like Gecko) Chrome/141.0.0.0 Safari/537.36",1470,956,1251,772,human,captcha1_success
session_1763498811603_joshk0s9a,1763498811789,186.0,16.6,mousemove,469,540,43.5,251.5,469,540,678,628,0,1,False,False,False,False,361.45,3737.7,0.0,"Mozilla/5.0 (Macintosh; Intel Mac OS X 10_15_7) AppleWebKit/537.36 (KHTML, like Gecko) Chrome/141.0.0.0 Safari/537.36",1470,956,1251,772,human,captcha1_success
session_1763498811603_joshk0s9a,1763498811805,202.6,16.6,mousemove,476,540,50.5,251.5,476,540,685,628,0,1,False,False,False,False,421.69,3628.72,0.0,"Mozilla/5.0 (Macintosh; Intel Mac OS X 10_15_7) AppleWebKit/537.36 (KHTML, like Gecko) Chrome/141.0.0.0 Safari/537.36",1470,956,1251,772,human,captcha1_success
session_1763498811603_joshk0s9a,1763498811821,218.7,16.1,mousemove,485,540,59.5,251.5,485,540,694,628,0,1,False,False,False,False,559.01,8528.96,0.0,"Mozilla/5.0 (Macintosh; Intel Mac OS X 10_15_7) AppleWebKit/537.36 (KHTML, like Gecko) Chrome/141.0.0.0 Safari/537.36",1470,956,1251,772,human,captcha1_success
session_1763498811603_joshk0s9a,1763498811839,236.0,17.3,mousemove,496,540,70.5,251.5,496,540,705,628,0,1,False,False,False,False,635.84,4440.93,0.0,"Mozilla/5.0 (Macintosh; Intel Mac OS X 10_15_7) AppleWebKit/537.36 (KHTML, like Gecko) Chrome/141.0.0.0 Safari/537.36",1470,956,1251,772,human,captcha1_success
session_1763498811603_joshk0s9a,1763498811854,251.1,15.1,mousemove,508,540,82.5,251.5,508,540,717,628,0,1,False,False,False,False,794.7,10520.66,0.0,"Mozilla/5.0 (Macintosh; Intel Mac OS X 10_15_7) AppleWebKit/537.36 (KHTML, like Gecko) Chrome/141.0.0.0 Safari/537.36",1470,956,1251,772,human,captcha1_success
session_1763498811603_joshk0s9a,1763498811871,268.3,17.2,mousemove,521,540,95.5,251.5,521,540,730,628,0,1,False,False,False,False,755.81,-2260.82,0.0,"Mozilla/5.0 (Macintosh; Intel Mac OS X 10_15_7) AppleWebKit/537.36 (KHTML, like Gecko) Chrome/141.0.0.0 Safari/537.36",1470,956,1251,772,human,captcha1_success
session_1763498811603_joshk0s9a,1763498811887,284.9,16.6,mousemove,534,540,108.5,251.5,534,540,743,628,0,1,False,False,False,False,783.13,1645.94,0.0,"Mozilla/5.0 (Macintosh; Intel Mac OS X 10_15_7) AppleWebKit/537.36 (KHTML, like Gecko) Chrome/141.0.0.0 Safari/537.36",1470,956,1251,772,human,captcha1_success
session_1763498811603_joshk0s9a,1763498811904,301.6,16.7,mousemove,547,540,121.5,251.5,547,540,756,628,0,1,False,False,False,False,778.44,-280.65,0.0,"Mozilla/5.0 (Macintosh; Intel Mac OS X 10_15_7) AppleWebKit/537.36 (KHTML, like Gecko) Chrome/141.0.0.0 Safari/537.36",1470,956,1251,772,human,captcha1_success
session_1763498811603_joshk0s9a,1763498811921,318.4,16.8,mousemove,559,540,133.5,251.5,559,540,768,628,0,1,False,False,False,False,714.29,-3818.71,0.0,"Mozilla/5.0 (Macintosh; Intel Mac OS X 10_15_7) AppleWebKit/537.36 (KHTML, like Gecko) Chrome/141.0.0.0 Safari/537.36",1470,956,1251,772,human,captcha1_success
session_1763498811603_joshk0s9a,1763498811938,335.0,16.6,mousemove,572,541,146.5,252.5,572,541,781,629,0,1,False,False,False,False,785.45,4286.51,4.4,"Mozilla/5.0 (Macintosh; Intel Mac OS X 10_15_7) AppleWebKit/537.36 (KHTML, like Gecko) Chrome/141.0.0.0 Safari/537.36",1470,956,1251,772,human,captcha1_success
session_1763498811603_joshk0s9a,1763498811954,351.6,16.6,mousemove,584,541,158.5,252.5,584,541,793,629,0,1,False,False,False,False,722.89,-3768.58,0.0,"Mozilla/5.0 (Macintosh; Intel Mac OS X 10_15_7) AppleWebKit/537.36 (KHTML, like Gecko) Chrome/141.0.0.0 Safari/537.36",1470,956,1251,772,human,captcha1_success
session_1763498811603_joshk0s9a,1763498811971,368.3,16.7,mousemove,593,542,167.5,253.5,593,542,802,630,0,1,False,False,False,False,542.24,-10817.45,6.34,"Mozilla/5.0 (Macintosh; Intel Mac OS X 10_15_7) AppleWebKit/537.36 (KHTML, like Gecko) Chrome/141.0.0.0 Safari/537.36",1470,956,1251,772,human,captcha1_success
session_1763498811603_joshk0s9a,1763498811987,384.8,16.5,mousemove,600,543,174.5,254.5,600,543,809,631,0,1,False,False,False,False,428.55,-6890.33,8.13,"Mozilla/5.0 (Macintosh; Intel Mac OS X 10_15_7) AppleWebKit/537.36 (KHTML, like Gecko) Chrome/141.0.0.0 Safari/537.36",1470,956,1251,772,human,captcha1_success
session_1763498811603_joshk0s9a,1763498812004,401.6,16.8,mousemove,607,543,181.5,254.5,607,543,816,631,0,1,False,False,False,False,416.67,-707.34,0.0,"Mozilla/5.0 (Macintosh; Intel Mac OS X 10_15_7) AppleWebKit/537.36 (KHTML, like Gecko) Chrome/141.0.0.0 Safari/537.36",1470,956,1251,772,human,captcha1_success
session_1763498811603_joshk0s9a,1763498812020,417.4,15.8,mousemove,613,543,187.5,254.5,613,543,822,631,0,1,False,False,False,False,379.75,-2336.91,0.0,"Mozilla/5.0 (Macintosh; Intel Mac OS X 10_15_7) AppleWebKit/537.36 (KHTML, like Gecko) Chrome/141.0.0.0 Safari/537.36",1470,956,1251,772,human,captcha1_success
session_1763498811603_joshk0s9a,1763498812038,435.0,17.6,mousemove,618,543,192.5,254.5,618,543,827,631,0,1,False,False,False,False,284.09,-5435.18,0.0,"Mozilla/5.0 (Macintosh; Intel Mac OS X 10_15_7) AppleWebKit/537.36 (KHTML, like Gecko) Chrome/141.0.0.0 Safari/537.36",1470,956,1251,772,human,captcha1_success
session_1763498811603_joshk0s9a,1763498812054,451.6,16.6,mousemove,623,543,197.5,254.5,623,543,832,631,0,1,False,False,False,False,301.2,1031.01,0.0,"Mozilla/5.0 (Macintosh; Intel Mac OS X 10_15_7) AppleWebKit/537.36 (KHTML, like Gecko) Chrome/141.0.0.0 Safari/537.36",1470,956,1251,772,human,captcha1_success
session_1763498811603_joshk0s9a,1763498812071,468.3,16.7,mousemove,628,544,202.5,255.5,628,544,837,632,0,1,False,False,False,False,305.33,247.34,11.31,"Mozilla/5.0 (Macintosh; Intel Mac OS X 10_15_7) AppleWebKit/537.36 (KHTML, like Gecko) Chrome/141.0.0.0 Safari/537.36",1470,956,1251,772,human,captcha1_success
session_1763498811603_joshk0s9a,1763498812087,484.9,16.6,mousemove,634,544,208.5,255.5,634,544,843,632,0,1,False,False,False,False,361.45,3380.47,0.0,"Mozilla/5.0 (Macintosh; Intel Mac OS X 10_15_7) AppleWebKit/537.36 (KHTML, like Gecko) Chrome/141.0.0.0 Safari/537.36",1470,956,1251,772,human,captcha1_success
session_1763498811603_joshk0s9a,1763498812104,501.7,16.8,mousemove,639,544,213.5,255.5,639,544,848,632,0,1,False,False,False,False,297.62,-3799.46,0.0,"Mozilla/5.0 (Macintosh; Intel Mac OS X 10_15_7) AppleWebKit/537.36 (KHTML, like Gecko) Chrome/141.0.0.0 Safari/537.36",1470,956,1251,772,human,captcha1_success
session_1763498811603_joshk0s9a,1763498812122,519.1,17.4,mousemove,645,544,219.5,255.5,645,544,854,632,0,1,False,False,False,False,344.83,2713.08,0.0,"Mozilla/5.0 (Macintosh; Intel Mac OS X 10_15_7) AppleWebKit/537.36 (KHTML, like Gecko) Chrome/141.0.0.0 Safari/537.36",1470,956,1251,772,human,captcha1_success
session_1763498811603_joshk0s9a,1763498812139,536.1,17.0,mousemove,650,544,224.5,255.5,650,544,859,632,0,1,False,False,False,False,294.12,-2983.08,0.0,"Mozilla/5.0 (Macintosh; Intel Mac OS X 10_15_7) AppleWebKit/537.36 (KHTML, like Gecko) Chrome/141.0.0.0 Safari/537.36",1470,956,1251,772,human,captcha1_success
session_1763498811603_joshk0s9a,1763498812154,551.6,15.5,mousemove,654,544,228.5,255.5,654,544,863,632,0,1,False,False,False,False,258.06,-2326.16,0.0,"Mozilla/5.0 (Macintosh; Intel Mac OS X 10_15_7) AppleWebKit/537.36 (KHTML, like Gecko) Chrome/141.0.0.0 Safari/537.36",1470,956,1251,772,human,captcha1_success
session_1763498811603_joshk0s9a,1763498812171,568.3,16.7,mousemove,660,544,234.5,255.5,660,544,869,632,0,1,False,False,False,False,359.28,6061.16,0.0,"Mozilla/5.0 (Macintosh; Intel Mac OS X 10_15_7) AppleWebKit/537.36 (KHTML, like Gecko) Chrome/141.0.0.0 Safari/537.36",1470,956,1251,772,human,captcha1_success
session_1763498811603_joshk0s9a,1763498812188,585.1,16.8,mousemove,666,544,240.5,255.5,666,544,875,632,0,1,False,False,False,False,357.14,-127.21,0.0,"Mozilla/5.0 (Macintosh; Intel Mac OS X 10_15_7) AppleWebKit/537.36 (KHTML, like Gecko) Chrome/141.0.0.0 Safari/537.36",1470,956,1251,772,human,captcha1_success
session_1763498811603_joshk0s9a,1763498812204,601.5,16.4,mousemove,670,544,244.5,255.5,670,544,879,632,0,1,False,False,False,False,243.9,-6904.73,0.0,"Mozilla/5.0 (Macintosh; Intel Mac OS X 10_15_7) AppleWebKit/537.36 (KHTML, like Gecko) Chrome/141.0.0.0 Safari/537.36",1470,956,1251,772,human,captcha1_success
session_1763498811603_joshk0s9a,1763498812220,617.2,15.7,mousemove,673,544,247.5,255.5,673,544,882,632,0,1,False,False,False,False,191.08,-3364.15,0.0,"Mozilla/5.0 (Macintosh; Intel Mac OS X 10_15_7) AppleWebKit/537.36 (KHTML, like Gecko) Chrome/141.0.0.0 Safari/537.36",1470,956,1251,772,human,captcha1_success
session_1763498811603_joshk0s9a,1763498812237,635.0,17.8,mousemove,674,544,248.5,255.5,674,544,883,632,0,1,False,False,False,False,56.18,-7578.66,0.0,"Mozilla/5.0 (Macintosh; Intel Mac OS X 10_15_7) AppleWebKit/537.36 (KHTML, like Gecko) Chrome/141.0.0.0 Safari/537.36",1470,956,1251,772,human,captcha1_success
session_1763498811603_joshk0s9a,1763498812254,651.5,16.5,mousemove,675,544,249.5,255.5,675,544,884,632,0,1,False,False,False,False,60.61,268.25,0.0,"Mozilla/5.0 (Macintosh; Intel Mac OS X 10_15_7) AppleWebKit/537.36 (KHTML, like Gecko) Chrome/141.0.0.0 Safari/537.36",1470,956,1251,772,human,captcha1_success
session_1763498811603_joshk0s9a,1763498812405,802.3,150.8,mousemove,675,544,249.5,255.5,675,544,884,632,0,1,False,False,False,False,0.0,-401.92,0.0,"Mozilla/5.0 (Macintosh; Intel Mac OS X 10_15_7) AppleWebKit/537.36 (KHTML, like Gecko) Chrome/141.0.0.0 Safari/537.36",1470,956,1251,772,human,captcha1_success
session_1763498811603_joshk0s9a,1763498812421,818.8,16.5,mousemove,675,544,249.5,255.5,675,544,884,632,0,1,False,False,False,False,0.0,0.0,0.0,"Mozilla/5.0 (Macintosh; Intel Mac OS X 10_15_7) AppleWebKit/537.36 (KHTML, like Gecko) Chrome/141.0.0.0 Safari/537.36",1470,956,1251,772,human,captcha1_success
session_1763498811603_joshk0s9a,1763498812437,834.2,15.4,mousemove,675,544,249.5,255.5,675,544,884,632,0,1,False,False,False,False,0.0,0.0,0.0,"Mozilla/5.0 (Macintosh; Intel Mac OS X 10_15_7) AppleWebKit/537.36 (KHTML, like Gecko) Chrome/141.0.0.0 Safari/537.36",1470,956,1251,772,human,captcha1_success
session_1763498811603_joshk0s9a,1763498812454,851.8,17.6,mousemove,675,544,249.5,255.5,675,544,884,632,0,1,False,False,False,False,0.0,0.0,0.0,"Mozilla/5.0 (Macintosh; Intel Mac OS X 10_15_7) AppleWebKit/537.36 (KHTML, like Gecko) Chrome/141.0.0.0 Safari/537.36",1470,956,1251,772,human,captcha1_success
session_1763498811603_joshk0s9a,1763498812554,951.1,99.3,mousemove,675,544,249.5,255.5,675,544,884,632,0,1,False,False,False,False,0.0,0.0,0.0,"Mozilla/5.0 (Macintosh; Intel Mac OS X 10_15_7) AppleWebKit/537.36 (KHTML, like Gecko) Chrome/141.0.0.0 Safari/537.36",1470,956,1251,772,human,captcha1_success
session_1763498811603_joshk0s9a,1763498812571,968.8,17.7,mousemove,675,544,249.5,255.5,675,544,884,632,0,1,False,False,False,False,0.0,0.0,0.0,"Mozilla/5.0 (Macintosh; Intel Mac OS X 10_15_7) AppleWebKit/537.36 (KHTML, like Gecko) Chrome/141.0.0.0 Safari/537.36",1470,956,1251,772,human,captcha1_success
session_1763498811603_joshk0s9a,1763498812588,985.1,16.3,mousemove,675,543,249.5,254.5,675,543,884,631,0,1,False,False,False,False,61.35,3763.78,-90.0,"Mozilla/5.0 (Macintosh; Intel Mac OS X 10_15_7) AppleWebKit/537.36 (KHTML, like Gecko) Chrome/141.0.0.0 Safari/537.36",1470,956,1251,772,human,captcha1_success
session_1763498811603_joshk0s9a,1763498812605,1002.2,17.1,mousemove,676,543,250.5,254.5,676,543,885,631,0,1,False,False,False,False,58.48,-167.86,0.0,"Mozilla/5.0 (Macintosh; Intel Mac OS X 10_15_7) AppleWebKit/537.36 (KHTML, like Gecko) Chrome/141.0.0.0 Safari/537.36",1470,956,1251,772,human,captcha1_success
session_1763498811603_joshk0s9a,1763498812622,1019.3,17.1,mousemove,677,542,251.5,253.5,677,542,886,630,0,1,False,False,False,False,82.7,1416.52,-45.0,"Mozilla/5.0 (Macintosh; Intel Mac OS X 10_15_7) AppleWebKit/537.36 (KHTML, like Gecko) Chrome/141.0.0.0 Safari/537.36",1470,956,1251,772,human,captcha1_success
session_1763498811603_joshk0s9a,1763498812639,1035.9,16.6,mousemove,677,542,251.5,253.5,677,542,886,630,0,1,False,False,False,False,0.0,-4981.93,0.0,"Mozilla/5.0 (Macintosh; Intel Mac OS X 10_15_7) AppleWebKit/537.36 (KHTML, like Gecko) Chrome/141.0.0.0 Safari/537.36",1470,956,1251,772,human,captcha1_success
session_1763498811603_joshk0s9a,1763498812655,1052.2,16.3,mousemove,677,542,251.5,253.5,677,542,886,630,0,1,False,False,False,False,0.0,0.0,0.0,"Mozilla/5.0 (Macintosh; Intel Mac OS X 10_15_7) AppleWebKit/537.36 (KHTML, like Gecko) Chrome/141.0.0.0 Safari/537.36",1470,956,1251,772,human,captcha1_success
session_1763498811603_joshk0s9a,1763498812752,1149.7,97.5,mouseup,677,542,251.5,253.5,677,542,886,630,0,0,False,False,False,False,0.0,0.0,0.0,"Mozilla/5.0 (Macintosh; Intel Mac OS X 10_15_7) AppleWebKit/537.36 (KHTML, like Gecko) Chrome/141.0.0.0 Safari/537.36",1470,956,1251,772,human,captcha1_success
session_1763498815370_bzhfabsvk,1763498815388,18.1,18.1,mousemove,447,538,21.5,249.5,447,538,656,626,0,1,False,False,False,False,0.0,0.0,0.0,"Mozilla/5.0 (Macintosh; Intel Mac OS X 10_15_7) AppleWebKit/537.36 (KHTML, like Gecko) Chrome/141.0.0.0 Safari/537.36",1470,956,1251,772,human,captcha1_success
session_1763498815370_bzhfabsvk,1763498815471,101.3,83.2,mousemove,447,538,21.5,249.5,447,538,656,626,0,1,False,False,False,False,0.0,0.0,0.0,"Mozilla/5.0 (Macintosh; Intel Mac OS X 10_15_7) AppleWebKit/537.36 (KHTML, like Gecko) Chrome/141.0.0.0 Safari/537.36",1470,956,1251,772,human,captcha1_success
session_1763498815370_bzhfabsvk,1763498815488,117.7,16.4,mousemove,448,538,22.5,249.5,448,538,657,626,0,1,False,False,False,False,60.98,3718.02,0.0,"Mozilla/5.0 (Macintosh; Intel Mac OS X 10_15_7) AppleWebKit/537.36 (KHTML, like Gecko) Chrome/141.0.0.0 Safari/537.36",1470,956,1251,772,human,captcha1_success
session_1763498815370_bzhfabsvk,1763498815505,135.1,17.4,mousemove,452,538,26.5,249.5,452,538,661,626,0,1,False,False,False,False,229.89,9707.19,0.0,"Mozilla/5.0 (Macintosh; Intel Mac OS X 10_15_7) AppleWebKit/537.36 (KHTML, like Gecko) Chrome/141.0.0.0 Safari/537.36",1470,956,1251,772,human,captcha1_success
session_1763498815370_bzhfabsvk,1763498815522,151.7,16.6,mousemove,457,538,31.5,249.5,457,538,666,626,0,1,False,False,False,False,301.2,4296.07,0.0,"Mozilla/5.0 (Macintosh; Intel Mac OS X 10_15_7) AppleWebKit/537.36 (KHTML, like Gecko) Chrome/141.0.0.0 Safari/537.36",1470,956,1251,772,human,captcha1_success
session_1763498815370_bzhfabsvk,1763498815538,168.4,16.7,mousemove,464,538,38.5,249.5,464,538,673,626,0,1,False,False,False,False,419.16,7063.57,0.0,"Mozilla/5.0 (Macintosh; Intel Mac OS X 10_15_7) AppleWebKit/537.36 (KHTML, like Gecko) Chrome/141.0.0.0 Safari/537.36",1470,956,1251,772,human,captcha1_success
session_1763498815370_bzhfabsvk,1763498815555,185.1,16.7,mousemove,471,538,45.5,249.5,471,538,680,626,0,1,False,False,False,False,419.16,0.1,0.0,"Mozilla/5.0 (Macintosh; Intel Mac OS X 10_15_7) AppleWebKit/537.36 (KHTML, like Gecko) Chrome/141.0.0.0 Safari/537.36",1470,956,1251,772,human,captcha1_success
session_1763498815370_bzhfabsvk,1763498815571,200.8,15.7,mousemove,476,538,50.5,249.5,476,538,685,626,0,1,False,False,False,False,318.47,-6413.29,0.0,"Mozilla/5.0 (Macintosh; Intel Mac OS X 10_15_7) AppleWebKit/537.36 (KHTML, like Gecko) Chrome/141.0.0.0 Safari/537.36",1470,956,1251,772,human,captcha1_success
session_1763498815370_bzhfabsvk,1763498815588,218.3,17.5,mousemove,481,538,55.5,249.5,481,538,690,626,0,1,False,False,False,False,285.71,-1871.76,0.0,"Mozilla/5.0 (Macintosh; Intel Mac OS X 10_15_7) AppleWebKit/537.36 (KHTML, like Gecko) Chrome/141.0.0.0 Safari/537.36",1470,956,1251,772,human,captcha1_success
session_1763498815370_bzhfabsvk,1763498815605,235.1,16.8,mousemove,486,538,60.5,249.5,486,538,695,626,0,1,False,False,False,False,297.62,708.87,0.0,"Mozilla/5.0 (Macintosh; Intel Mac OS X 10_15_7) AppleWebKit/537.36 (KHTML, like Gecko) Chrome/141.0.0.0 Safari/537.36",1470,956,1251,772,human,captcha1_success
session_1763498815370_bzhfabsvk,1763498815622,251.8,16.7,mousemove,491,538,65.5,249.5,491,538,700,626,0,1,False,False,False,False,299.4,106.66,0.0,"Mozilla/5.0 (Macintosh; Intel Mac OS X 10_15_7) AppleWebKit/537.36 (KHTML, like Gecko) Chrome/141.0.0.0 Safari/537.36",1470,956,1251,772,human,captcha1_success
session_1763498815370_bzhfabsvk,1763498815637,267.3,15.5,mousemove,495,538,69.5,249.5,495,538,704,626,0,1,False,False,False,False,258.06,-2666.81,0.0,"Mozilla/5.0 (Macintosh; Intel Mac OS X 10_15_7) AppleWebKit/537.36 (KHTML, like Gecko) Chrome/141.0.0.0 Safari/537.36",1470,956,1251,772,human,captcha1_success
session_1763498815370_bzhfabsvk,1763498815655,285.2,17.9,mousemove,499,538,73.5,249.5,499,538,708,626,0,1,False,False,False,False,223.46,-1932.75,0.0,"Mozilla/5.0 (Macintosh; Intel Mac OS X 10_15_7) AppleWebKit/537.36 (KHTML, like Gecko) Chrome/141.0.0.0 Safari/537.36",1470,956,1251,772,human,captcha1_success
session_1763498815370_bzhfabsvk,1763498815672,301.8,16.6,mousemove,503,538,77.5,249.5,503,538,712,626,0,1,False,False,False,False,240.96,1054.45,0.0,"Mozilla/5.0 (Macintosh; Intel Mac OS X 10_15_7) AppleWebKit/537.36 (KHTML, like Gecko) Chrome/141.0.0.0 Safari/537.36",1470,956,1251,772,human,captcha1_success
session_1763498815370_bzhfabsvk,1763498815688,318.5,16.7,mousemove,507,538,81.5,249.5,507,538,716,626,0,1,False,False,False,False,239.52,-86.17,0.0,"Mozilla/5.0 (Macintosh; Intel Mac OS X 10_15_7) AppleWebKit/537.36 (KHTML, like Gecko) Chrome/141.0.0.0 Safari/537.36",1470,956,1251,772,human,captcha1_success
session_1763498815370_bzhfabsvk,1763498815705,335.2,16.7,mousemove,510,538,84.5,249.5,510,538,719,626,0,1,False,False,False,False,179.64,-3585.59,0.0,"Mozilla/5.0 (Macintosh; Intel Mac OS X 10_15_7) AppleWebKit/537.36 (KHTML, like Gecko) Chrome/141.0.0.0 Safari/537.36",1470,956,1251,772,human,captcha1_success
session_1763498815370_bzhfabsvk,1763498815721,351.3,16.1,mousemove,514,538,88.5,249.5,514,538,723,626,0,1,False,False,False,False,248.45,4273.74,0.0,"Mozilla/5.0 (Macintosh; Intel Mac OS X 10_15_7) AppleWebKit/537.36 (KHTML, like Gecko) Chrome/141.0.0.0 Safari/537.36",1470,956,1251,772,human,captcha1_success
session_1763498815370_bzhfabsvk,1763498815738,368.5,17.2,mousemove,518,538,92.5,249.5,518,538,727,626,0,1,False,False,False,False,232.56,-923.95,0.0,"Mozilla/5.0 (Macintosh; Intel Mac OS X 10_15_7) AppleWebKit/537.36 (KHTML, like Gecko) Chrome/141.0.0.0 Safari/537.36",1470,956,1251,772,human,captcha1_success
session_1763498815370_bzhfabsvk,1763498815755,384.7,16.2,mousemove,522,538,96.5,249.5,522,538,731,626,0,1,False,False,False,False,246.91,886.02,0.0,"Mozilla/5.0 (Macintosh; Intel Mac OS X 10_15_7) AppleWebKit/537.36 (KHTML, like Gecko) Chrome/141.0.0.0 Safari/537.36",1470,956,1251,772,human,captcha1_success
session_1763498815370_bzhfabsvk,1763498815771,400.8,16.1,mousemove,525,538,99.5,249.5,525,538,734,626,0,1,False,False,False,False,186.34,-3762.4,0.0,"Mozilla/5.0 (Macintosh; Intel Mac OS X 10_15_7) AppleWebKit/537.36 (KHTML, like Gecko) Chrome/141.0.0.0 Safari/537.36",1470,956,1251,772,human,captcha1_success
session_1763498815370_bzhfabsvk,1763498815787,417.5,16.7,mousemove,527,538,101.5,249.5,527,538,736,626,0,1,False,False,False,False,119.76,-3986.8,0.0,"Mozilla/5.0 (Macintosh; Intel Mac OS X 10_15_7) AppleWebKit/537.36 (KHTML, like Gecko) Chrome/141.0.0.0 Safari/537.36",1470,956,1251,772,human,captcha1_success
session_1763498815370_bzhfabsvk,1763498815804,434.3,16.8,mousemove,529,538,103.5,249.5,529,538,738,626,0,1,False,False,False,False,119.05,-42.4,0.0,"Mozilla/5.0 (Macintosh; Intel Mac OS X 10_15_7) AppleWebKit/537.36 (KHTML, like Gecko) Chrome/141.0.0.0 Safari/537.36",1470,956,1251,772,human,captcha1_success
session_1763498815370_bzhfabsvk,1763498815821,450.8,16.5,mousemove,530,538,104.5,249.5,530,538,739,626,0,1,False,False,False,False,60.61,-3542.06,0.0,"Mozilla/5.0 (Macintosh; Intel Mac OS X 10_15_7) AppleWebKit/537.36 (KHTML, like Gecko) Chrome/141.0.0.0 Safari/537.36",1470,956,1251,772,human,captcha1_success
session_1763498815370_bzhfabsvk,1763498815837,467.4,16.6,mousemove,530,538,104.5,249.5,530,538,739,626,0,1,False,False,False,False,0.0,-3651.2,0.0,"Mozilla/5.0 (Macintosh; Intel Mac OS X 10_15_7) AppleWebKit/537.36 (KHTML, like Gecko) Chrome/141.0.0.0 Safari/537.36",1470,956,1251,772,human,captcha1_success
session_1763498815370_bzhfabsvk,1763498815854,483.9,16.5,mousemove,530,538,104.5,249.5,530,538,739,626,0,1,False,False,False,False,0.0,0.0,0.0,"Mozilla/5.0 (Macintosh; Intel Mac OS X 10_15_7) AppleWebKit/537.36 (KHTML, like Gecko) Chrome/141.0.0.0 Safari/537.36",1470,956,1251,772,human,captcha1_success
session_1763498815370_bzhfabsvk,1763498815871,501.2,17.3,mousemove,531,538,105.5,249.5,531,538,740,626,0,1,False,False,False,False,57.8,3341.24,0.0,"Mozilla/5.0 (Macintosh; Intel Mac OS X 10_15_7) AppleWebKit/537.36 (KHTML, like Gecko) Chrome/141.0.0.0 Safari/537.36",1470,956,1251,772,human,captcha1_success
session_1763498815370_bzhfabsvk,1763498815888,518.6,17.4,mousemove,532,538,106.5,249.5,532,538,741,626,0,1,False,False,False,False,57.47,-18.89,0.0,"Mozilla/5.0 (Macintosh; Intel Mac OS X 10_15_7) AppleWebKit/537.36 (KHTML, like Gecko) Chrome/141.0.0.0 Safari/537.36",1470,956,1251,772,human,captcha1_success
session_1763498815370_bzhfabsvk,1763498815904,534.1,15.5,mousemove,534,538,108.5,249.5,534,538,743,626,0,1,False,False,False,False,129.03,4616.92,0.0,"Mozilla/5.0 (Macintosh; Intel Mac OS X 10_15_7) AppleWebKit/537.36 (KHTML, like Gecko) Chrome/141.0.0.0 Safari/537.36",1470,956,1251,772,human,captcha1_success
session_1763498815370_bzhfabsvk,1763498815921,550.7,16.6,mousemove,538,538,112.5,249.5,538,538,747,626,0,1,False,False,False,False,240.96,6743.0,0.0,"Mozilla/5.0 (Macintosh; Intel Mac OS X 10_15_7) AppleWebKit/537.36 (KHTML, like Gecko) Chrome/141.0.0.0 Safari/537.36",1470,956,1251,772,human,captcha1_success
session_1763498815370_bzhfabsvk,1763498815938,567.7,17.0,mousemove,542,538,116.5,249.5,542,538,751,626,0,1,False,False,False,False,235.29,-333.29,0.0,"Mozilla/5.0 (Macintosh; Intel Mac OS X 10_15_7) AppleWebKit/537.36 (KHTML, like Gecko) Chrome/141.0.0.0 Safari/537.36",1470,956,1251,772,human,captcha1_success
session_1763498815370_bzhfabsvk,1763498815954,584.1,16.4,mousemove,547,538,121.5,249.5,547,538,756,626,0,1,False,False,False,False,304.88,4243.17,0.0,"Mozilla/5.0 (Macintosh; Intel Mac OS X 10_15_7) AppleWebKit/537.36 (KHTML, like Gecko) Chrome/141.0.0.0 Safari/537.36",1470,956,1251,772,human,captcha1_success
session_1763498815370_bzhfabsvk,1763498815971,601.0,16.9,mousemove,550,538,124.5,249.5,550,538,759,626,0,1,False,False,False,False,177.51,-7536.4,0.0,"Mozilla/5.0 (Macintosh; Intel Mac OS X 10_15_7) AppleWebKit/537.36 (KHTML, like Gecko) Chrome/141.0.0.0 Safari/537.36",1470,956,1251,772,human,captcha1_success
session_1763498815370_bzhfabsvk,1763498815988,617.9,16.9,mousemove,553,538,127.5,249.5,553,538,762,626,0,1,False,False,False,False,177.51,0.28,0.0,"Mozilla/5.0 (Macintosh; Intel Mac OS X 10_15_7) AppleWebKit/537.36 (KHTML, like Gecko) Chrome/141.0.0.0 Safari/537.36",1470,956,1251,772,human,captcha1_success
session_1763498815370_bzhfabsvk,1763498816004,634.3,16.4,mousemove,554,538,128.5,249.5,554,538,763,626,0,1,False,False,False,False,60.98,-7105.76,0.0,"Mozilla/5.0 (Macintosh; Intel Mac OS X 10_15_7) AppleWebKit/537.36 (KHTML, like Gecko) Chrome/141.0.0.0 Safari/537.36",1470,956,1251,772,human,captcha1_success
session_1763498815370_bzhfabsvk,1763498816021,650.6,16.3,mousemove,555,538,129.5,249.5,555,538,764,626,0,1,False,False,False,False,61.35,22.68,0.0,"Mozilla/5.0 (Macintosh; Intel Mac OS X 10_15_7) AppleWebKit/537.36 (KHTML, like Gecko) Chrome/141.0.0.0 Safari/537.36",1470,956,1251,772,human,captcha1_success
session_1763498815370_bzhfabsvk,1763498816105,734.9,84.3,mousemove,555,538,129.5,249.5,555,538,764,626,0,1,False,False,False,False,0.0,-727.76,0.0,"Mozilla/5.0 (Macintosh; Intel Mac OS X 10_15_7) AppleWebKit/537.36 (KHTML, like Gecko) Chrome/141.0.0.0 Safari/537.36",1470,956,1251,772,human,captcha1_success
session_1763498815370_bzhfabsvk,1763498816120,750.1,15.2,mousemove,555,538,129.5,249.5,555,538,764,626,0,1,False,False,False,False,0.0,0.0,0.0,"Mozilla/5.0 (Macintosh; Intel Mac OS X 10_15_7) AppleWebKit/537.36 (KHTML, like Gecko) Chrome/141.0.0.0 Safari/537.36",1470,956,1251,772,human,captcha1_success
session_1763498815370_bzhfabsvk,1763498816138,767.7,17.6,mousemove,554,538,128.5,249.5,554,538,763,626,0,1,False,False,False,False,56.82,3228.31,180.0,"Mozilla/5.0 (Macintosh; Intel Mac OS X 10_15_7) AppleWebKit/537.36 (KHTML, like Gecko) Chrome/141.0.0.0 Safari/537.36",1470,956,1251,772,human,captcha1_success
session_1763498815370_bzhfabsvk,1763498816154,784.2,16.5,mousemove,554,538,128.5,249.5,554,538,763,626,0,1,False,False,False,False,0.0,-3443.64,0.0,"Mozilla/5.0 (Macintosh; Intel Mac OS X 10_15_7) AppleWebKit/537.36 (KHTML, like Gecko) Chrome/141.0.0.0 Safari/537.36",1470,956,1251,772,human,captcha1_success
session_1763498815370_bzhfabsvk,1763498816170,800.6,16.4,mousemove,554,537,128.5,248.5,554,537,763,625,0,1,False,False,False,False,60.98,3718.02,-90.0,"Mozilla/5.0 (Macintosh; Intel Mac OS X 10_15_7) AppleWebKit/537.36 (KHTML, like Gecko) Chrome/141.0.0.0 Safari/537.36",1470,956,1251,772,human,captcha1_success
session_1763498815370_bzhfabsvk,1763498816187,817.3,16.7,mousemove,554,537,128.5,248.5,554,537,763,625,0,1,False,False,False,False,0.0,-3651.5,0.0,"Mozilla/5.0 (Macintosh; Intel Mac OS X 10_15_7) AppleWebKit/537.36 (KHTML, like Gecko) Chrome/141.0.0.0 Safari/537.36",1470,956,1251,772,human,captcha1_success
session_1763498815370_bzhfabsvk,1763498816204,833.8,16.5,mousemove,554,537,128.5,248.5,554,537,763,625,0,1,False,False,False,False,0.0,0.0,0.0,"Mozilla/5.0 (Macintosh; Intel Mac OS X 10_15_7) AppleWebKit/537.36 (KHTML, like Gecko) Chrome/141.0.0.0 Safari/537.36",1470,956,1251,772,human,captcha1_success
session_1763498815370_bzhfabsvk,1763498816221,851.3,17.5,mousemove,554,536,128.5,247.5,554,536,763,624,0,1,False,False,False,False,57.14,3265.31,-90.0,"Mozilla/5.0 (Macintosh; Intel Mac OS X 10_15_7) AppleWebKit/537.36 (KHTML, like Gecko) Chrome/141.0.0.0 Safari/537.36",1470,956,1251,772,human,captcha1_success
session_1763498815370_bzhfabsvk,1763498816235,865.2,13.9,mouseup,554,536,128.5,247.5,554,536,763,624,0,0,False,False,False,False,0.0,-4110.79,0.0,"Mozilla/5.0 (Macintosh; Intel Mac OS X 10_15_7) AppleWebKit/537.36 (KHTML, like Gecko) Chrome/141.0.0.0 Safari/537.36",1470,956,1251,772,human,captcha1_success
session_1763498837217_ac7fin4t4,1763498837370,153.2,153.2,mousemove,455,529,29.5,250.5,455,961,664,617,0,1,False,False,False,False,0.0,0.0,0.0,"Mozilla/5.0 (Macintosh; Intel Mac OS X 10_15_7) AppleWebKit/537.36 (KHTML, like Gecko) Chrome/141.0.0.0 Safari/537.36",1470,956,1251,772,human,captcha2_success
session_1763498837217_ac7fin4t4,1763498837386,169.9,16.7,mousemove,456,529,30.5,250.5,456,961,665,617,0,1,False,False,False,False,59.88,3585.64,0.0,"Mozilla/5.0 (Macintosh; Intel Mac OS X 10_15_7) AppleWebKit/537.36 (KHTML, like Gecko) Chrome/141.0.0.0 Safari/537.36",1470,956,1251,772,human,captcha2_success
session_1763498837217_ac7fin4t4,1763498837404,187.0,17.1,mousemove,460,529,34.5,250.5,460,961,669,617,0,1,False,False,False,False,233.92,10177.67,0.0,"Mozilla/5.0 (Macintosh; Intel Mac OS X 10_15_7) AppleWebKit/537.36 (KHTML, like Gecko) Chrome/141.0.0.0 Safari/537.36",1470,956,1251,772,human,captcha2_success
session_1763498837217_ac7fin4t4,1763498837420,203.8,16.8,mousemove,469,529,43.5,250.5,469,961,678,617,0,1,False,False,False,False,535.71,17963.95,0.0,"Mozilla/5.0 (Macintosh; Intel Mac OS X 10_15_7) AppleWebKit/537.36 (KHTML, like Gecko) Chrome/141.0.0.0 Safari/537.36",1470,956,1251,772,human,captcha2_success
session_1763498837217_ac7fin4t4,1763498837437,220.4,16.6,mousemove,483,529,57.5,250.5,483,961,692,617,0,1,False,False,False,False,843.37,18533.95,0.0,"Mozilla/5.0 (Macintosh; Intel Mac OS X 10_15_7) AppleWebKit/537.36 (KHTML, like Gecko) Chrome/141.0.0.0 Safari/537.36",1470,956,1251,772,human,captcha2_success
session_1763498837217_ac7fin4t4,1763498837453,236.7,16.3,mousemove,501,529,75.5,250.5,501,961,710,617,0,1,False,False,False,False,1104.29,16007.64,0.0,"Mozilla/5.0 (Macintosh; Intel Mac OS X 10_15_7) AppleWebKit/537.36 (KHTML, like Gecko) Chrome/141.0.0.0 Safari/537.36",1470,956,1251,772,human,captcha2_success
session_1763498837217_ac7fin4t4,1763498837470,253.1,16.4,mousemove,522,529,96.5,250.5,522,961,731,617,0,1,False,False,False,False,1280.49,10743.77,0.0,"Mozilla/5.0 (Macintosh; Intel Mac OS X 10_15_7) AppleWebKit/537.36 (KHTML, like Gecko) Chrome/141.0.0.0 Safari/537.36",1470,956,1251,772,human,captcha2_success
session_1763498837217_ac7fin4t4,1763498837486,269.9,16.8,mousemove,545,529,119.5,250.5,545,961,754,617,0,1,False,False,False,False,1369.05,5271.29,0.0,"Mozilla/5.0 (Macintosh; Intel Mac OS X 10_15_7) AppleWebKit/537.36 (KHTML, like Gecko) Chrome/141.0.0.0 Safari/537.36",1470,956,1251,772,human,captcha2_success
session_1763498837217_ac7fin4t4,1763498837504,287.7,17.8,mousemove,564,529,138.5,250.5,564,961,773,617,0,1,False,False,False,False,1067.42,-16945.75,0.0,"Mozilla/5.0 (Macintosh; Intel Mac OS X 10_15_7) AppleWebKit/537.36 (KHTML, like Gecko) Chrome/141.0.0.0 Safari/537.36",1470,956,1251,772,human,captcha2_success
session_1763498837217_ac7fin4t4,1763498837519,302.1,14.4,mousemove,581,529,155.5,250.5,581,961,790,617,0,1,False,False,False,False,1180.56,7856.64,0.0,"Mozilla/5.0 (Macintosh; Intel Mac OS X 10_15_7) AppleWebKit/537.36 (KHTML, like Gecko) Chrome/141.0.0.0 Safari/537.36",1470,956,1251,772,human,captcha2_success
session_1763498837217_ac7fin4t4,1763498837536,319.7,17.6,mousemove,597,529,171.5,250.5,597,961,806,617,0,1,False,False,False,False,909.09,-15424.38,0.0,"Mozilla/5.0 (Macintosh; Intel Mac OS X 10_15_7) AppleWebKit/537.36 (KHTML, like Gecko) Chrome/141.0.0.0 Safari/537.36",1470,956,1251,772,human,captcha2_success
session_1763498837217_ac7fin4t4,1763498837553,336.2,16.5,mousemove,608,529,182.5,250.5,608,961,817,617,0,1,False,False,False,False,666.67,-14692.32,0.0,"Mozilla/5.0 (Macintosh; Intel Mac OS X 10_15_7) AppleWebKit/537.36 (KHTML, like Gecko) Chrome/141.0.0.0 Safari/537.36",1470,956,1251,772,human,captcha2_success
session_1763498837217_ac7fin4t4,1763498837570,353.5,17.3,mousemove,615,529,189.5,250.5,615,961,824,617,0,1,False,False,False,False,404.62,-15147.15,0.0,"Mozilla/5.0 (Macintosh; Intel Mac OS X 10_15_7) AppleWebKit/537.36 (KHTML, like Gecko) Chrome/141.0.0.0 Safari/537.36",1470,956,1251,772,human,captcha2_success
session_1763498837217_ac7fin4t4,1763498837587,370.4,16.9,mousemove,621,529,195.5,250.5,621,961,830,617,0,1,False,False,False,False,355.03,-2934.34,0.0,"Mozilla/5.0 (Macintosh; Intel Mac OS X 10_15_7) AppleWebKit/537.36 (KHTML, like Gecko) Chrome/141.0.0.0 Safari/537.36",1470,956,1251,772,human,captcha2_success
session_1763498837217_ac7fin4t4,1763498837604,387.0,16.6,mousemove,625,530,199.5,251.5,625,962,834,618,0,1,False,False,False,False,248.38,-6424.71,14.04,"Mozilla/5.0 (Macintosh; Intel Mac OS X 10_15_7) AppleWebKit/537.36 (KHTML, like Gecko) Chrome/141.0.0.0 Safari/537.36",1470,956,1251,772,human,captcha2_success
session_1763498837217_ac7fin4t4,1763498837619,402.9,15.9,mousemove,626,530,200.5,251.5,626,962,835,618,0,1,False,False,False,False,62.89,-11665.84,0.0,"Mozilla/5.0 (Macintosh; Intel Mac OS X 10_15_7) AppleWebKit/537.36 (KHTML, like Gecko) Chrome/141.0.0.0 Safari/537.36",1470,956,1251,772,human,captcha2_success
session_1763498837217_ac7fin4t4,1763498837636,419.5,16.6,mousemove,627,530,201.5,251.5,627,962,836,618,0,1,False,False,False,False,60.24,-159.58,0.0,"Mozilla/5.0 (Macintosh; Intel Mac OS X 10_15_7) AppleWebKit/537.36 (KHTML, like Gecko) Chrome/141.0.0.0 Safari/537.36",1470,956,1251,772,human,captcha2_success
session_1763498837217_ac7fin4t4,1763498837786,569.9,150.4,mousemove,627,531,201.5,252.5,627,963,836,619,0,1,False,False,False,False,6.65,-356.32,90.0,"Mozilla/5.0 (Macintosh; Intel Mac OS X 10_15_7) AppleWebKit/537.36 (KHTML, like Gecko) Chrome/141.0.0.0 Safari/537.36",1470,956,1251,772,human,captcha2_success
session_1763498837217_ac7fin4t4,1763498837803,586.5,16.6,mousemove,628,531,202.5,252.5,628,963,837,619,0,1,False,False,False,False,60.24,3228.37,0.0,"Mozilla/5.0 (Macintosh; Intel Mac OS X 10_15_7) AppleWebKit/537.36 (KHTML, like Gecko) Chrome/141.0.0.0 Safari/537.36",1470,956,1251,772,human,captcha2_success
session_1763498837217_ac7fin4t4,1763498837820,603.7,17.2,mousemove,628,531,202.5,252.5,628,963,837,619,0,1,False,False,False,False,0.0,-3502.33,0.0,"Mozilla/5.0 (Macintosh; Intel Mac OS X 10_15_7) AppleWebKit/537.36 (KHTML, like Gecko) Chrome/141.0.0.0 Safari/537.36",1470,956,1251,772,human,captcha2_success
session_1763498837217_ac7fin4t4,1763498837837,620.0,16.3,mousemove,628,531,202.5,252.5,628,963,837,619,0,1,False,False,False,False,0.0,0.0,0.0,"Mozilla/5.0 (Macintosh; Intel Mac OS X 10_15_7) AppleWebKit/537.36 (KHTML, like Gecko) Chrome/141.0.0.0 Safari/537.36",1470,956,1251,772,human,captcha2_success
session_1763498837217_ac7fin4t4,1763498837853,636.7,16.7,mousemove,628,531,202.5,252.5,628,963,837,619,0,1,False,False,False,False,0.0,0.0,0.0,"Mozilla/5.0 (Macintosh; Intel Mac OS X 10_15_7) AppleWebKit/537.36 (KHTML, like Gecko) Chrome/141.0.0.0 Safari/537.36",1470,956,1251,772,human,captcha2_success
session_1763498837217_ac7fin4t4,1763498837869,652.2,15.5,mousemove,629,531,203.5,252.5,629,963,838,619,0,1,False,False,False,False,64.52,4162.33,0.0,"Mozilla/5.0 (Macintosh; Intel Mac OS X 10_15_7) AppleWebKit/537.36 (KHTML, like Gecko) Chrome/141.0.0.0 Safari/537.36",1470,956,1251,772,human,captcha2_success
session_1763498837217_ac7fin4t4,1763498837887,670.4,18.2,mousemove,631,531,205.5,252.5,631,963,840,619,0,1,False,False,False,False,109.89,2492.86,0.0,"Mozilla/5.0 (Macintosh; Intel Mac OS X 10_15_7) AppleWebKit/537.36 (KHTML, like Gecko) Chrome/141.0.0.0 Safari/537.36",1470,956,1251,772,human,captcha2_success
session_1763498837217_ac7fin4t4,1763498837904,687.0,16.6,mousemove,633,531,207.5,252.5,633,963,842,619,0,1,False,False,False,False,120.48,638.07,0.0,"Mozilla/5.0 (Macintosh; Intel Mac OS X 10_15_7) AppleWebKit/537.36 (KHTML, like Gecko) Chrome/141.0.0.0 Safari/537.36",1470,956,1251,772,human,captcha2_success
session_1763498837217_ac7fin4t4,1763498837920,703.7,16.7,mousemove,637,531,211.5,252.5,637,963,846,619,0,1,False,False,False,False,239.52,7128.2,0.0,"Mozilla/5.0 (Macintosh; Intel Mac OS X 10_15_7) AppleWebKit/537.36 (KHTML, like Gecko) Chrome/141.0.0.0 Safari/537.36",1470,956,1251,772,human,captcha2_success
session_1763498837217_ac7fin4t4,1763498837937,720.4,16.7,mousemove,640,531,214.5,252.5,640,963,849,619,0,1,False,False,False,False,179.64,-3585.59,0.0,"Mozilla/5.0 (Macintosh; Intel Mac OS X 10_15_7) AppleWebKit/537.36 (KHTML, like Gecko) Chrome/141.0.0.0 Safari/537.36",1470,956,1251,772,human,captcha2_success
session_1763498837217_ac7fin4t4,1763498837953,736.3,15.9,mousemove,642,532,216.5,253.5,642,964,851,620,0,1,False,False,False,False,140.63,-2453.26,26.57,"Mozilla/5.0 (Macintosh; Intel Mac OS X 10_15_7) AppleWebKit/537.36 (KHTML, like Gecko) Chrome/141.0.0.0 Safari/537.36",1470,956,1251,772,human,captcha2_success
session_1763498837217_ac7fin4t4,1763498837969,752.9,16.6,mousemove,643,532,217.5,253.5,643,964,852,620,0,1,False,False,False,False,60.24,-4842.71,0.0,"Mozilla/5.0 (Macintosh; Intel Mac OS X 10_15_7) AppleWebKit/537.36 (KHTML, like Gecko) Chrome/141.0.0.0 Safari/537.36",1470,956,1251,772,human,captcha2_success
session_1763498837217_ac7fin4t4,1763498837986,769.5,16.6,mousemove,644,532,218.5,253.5,644,964,853,620,0,1,False,False,False,False,60.24,0.06,0.0,"Mozilla/5.0 (Macintosh; Intel Mac OS X 10_15_7) AppleWebKit/537.36 (KHTML, like Gecko) Chrome/141.0.0.0 Safari/537.36",1470,956,1251,772,human,captcha2_success
session_1763498837217_ac7fin4t4,1763498838003,786.0,16.5,mousemove,644,532,218.5,253.5,644,964,853,620,0,1,False,False,False,False,0.0,-3650.91,0.0,"Mozilla/5.0 (Macintosh; Intel Mac OS X 10_15_7) AppleWebKit/537.36 (KHTML, like Gecko) Chrome/141.0.0.0 Safari/537.36",1470,956,1251,772,human,captcha2_success
session_1763498837217_ac7fin4t4,1763498838203,986.6,200.6,mousemove,645,532,219.5,253.5,645,964,854,620,0,1,False,False,False,False,4.99,24.85,0.0,"Mozilla/5.0 (Macintosh; Intel Mac OS X 10_15_7) AppleWebKit/537.36 (KHTML, like Gecko) Chrome/141.0.0.0 Safari/537.36",1470,956,1251,772,human,captcha2_success
session_1763498837217_ac7fin4t4,1763498838220,1003.5,16.9,mousemove,645,532,219.5,253.5,645,964,854,620,0,1,False,False,False,False,0.0,-295.27,0.0,"Mozilla/5.0 (Macintosh; Intel Mac OS X 10_15_7) AppleWebKit/537.36 (KHTML, like Gecko) Chrome/141.0.0.0 Safari/537.36",1470,956,1251,772,human,captcha2_success
session_1763498837217_ac7fin4t4,1763498838253,1036.7,33.2,mousemove,645,532,219.5,253.5,645,964,854,620,0,1,False,False,False,False,0.0,0.0,0.0,"Mozilla/5.0 (Macintosh; Intel Mac OS X 10_15_7) AppleWebKit/537.36 (KHTML, like Gecko) Chrome/141.0.0.0 Safari/537.36",1470,956,1251,772,human,captcha2_success
session_1763498837217_ac7fin4t4,1763498838270,1053.4,16.7,mousemove,646,532,220.5,253.5,646,964,855,620,0,1,False,False,False,False,59.88,3585.64,0.0,"Mozilla/5.0 (Macintosh; Intel Mac OS X 10_15_7) AppleWebKit/537.36 (KHTML, like Gecko) Chrome/141.0.0.0 Safari/537.36",1470,956,1251,772,human,captcha2_success
session_1763498837217_ac7fin4t4,1763498838303,1086.7,33.3,mousemove,646,532,220.5,253.5,646,964,855,620,0,1,False,False,False,False,0.0,-1798.2,0.0,"Mozilla/5.0 (Macintosh; Intel Mac OS X 10_15_7) AppleWebKit/537.36 (KHTML, like Gecko) Chrome/141.0.0.0 Safari/537.36",1470,956,1251,772,human,captcha2_success
session_1763498837217_ac7fin4t4,1763498838320,1103.4,16.7,mousemove,646,532,220.5,253.5,646,964,855,620,0,1,False,False,False,False,0.0,0.0,0.0,"Mozilla/5.0 (Macintosh; Intel Mac OS X 10_15_7) AppleWebKit/537.36 (KHTML, like Gecko) Chrome/141.0.0.0 Safari/537.36",1470,956,1251,772,human,captcha2_success
session_1763498837217_ac7fin4t4,1763498838337,1120.0,16.6,mousemove,646,532,220.5,253.5,646,964,855,620,0,1,False,False,False,False,0.0,0.0,0.0,"Mozilla/5.0 (Macintosh; Intel Mac OS X 10_15_7) AppleWebKit/537.36 (KHTML, like Gecko) Chrome/141.0.0.0 Safari/537.36",1470,956,1251,772,human,captcha2_success
session_1763498837217_ac7fin4t4,1763498838353,1136.8,16.8,mousemove,647,532,221.5,253.5,647,964,856,620,0,1,False,False,False,False,59.52,3543.08,0.0,"Mozilla/5.0 (Macintosh; Intel Mac OS X 10_15_7) AppleWebKit/537.36 (KHTML, like Gecko) Chrome/141.0.0.0 Safari/537.36",1470,956,1251,772,human,captcha2_success
session_1763498837217_ac7fin4t4,1763498838370,1153.7,16.9,mousemove,647,532,221.5,253.5,647,964,856,620,0,1,False,False,False,False,0.0,-3521.89,0.0,"Mozilla/5.0 (Macintosh; Intel Mac OS X 10_15_7) AppleWebKit/537.36 (KHTML, like Gecko) Chrome/141.0.0.0 Safari/537.36",1470,956,1251,772,human,captcha2_success
session_1763498837217_ac7fin4t4,1763498838386,1170.0,16.3,mousemove,647,532,221.5,253.5,647,964,856,620,0,1,False,False,False,False,0.0,0.0,0.0,"Mozilla/5.0 (Macintosh; Intel Mac OS X 10_15_7) AppleWebKit/537.36 (KHTML, like Gecko) Chrome/141.0.0.0 Safari/537.36",1470,956,1251,772,human,captcha2_success
session_1763498837217_ac7fin4t4,1763498838403,1186.6,16.6,mousemove,647,532,221.5,253.5,647,964,856,620,0,1,False,False,False,False,0.0,0.0,0.0,"Mozilla/5.0 (Macintosh; Intel Mac OS X 10_15_7) AppleWebKit/537.36 (KHTML, like Gecko) Chrome/141.0.0.0 Safari/537.36",1470,956,1251,772,human,captcha2_success
session_1763498837217_ac7fin4t4,1763498838420,1203.4,16.8,mousemove,648,532,222.5,253.5,648,964,857,620,0,1,False,False,False,False,59.52,3543.08,0.0,"Mozilla/5.0 (Macintosh; Intel Mac OS X 10_15_7) AppleWebKit/537.36 (KHTML, like Gecko) Chrome/141.0.0.0 Safari/537.36",1470,956,1251,772,human,captcha2_success
session_1763498837217_ac7fin4t4,1763498838437,1220.3,16.9,mousemove,648,532,222.5,253.5,648,964,857,620,0,1,False,False,False,False,0.0,-3521.89,0.0,"Mozilla/5.0 (Macintosh; Intel Mac OS X 10_15_7) AppleWebKit/537.36 (KHTML, like Gecko) Chrome/141.0.0.0 Safari/537.36",1470,956,1251,772,human,captcha2_success
session_1763498837217_ac7fin4t4,1763498838600,1383.2,162.9,mouseup,648,532,222.5,253.5,648,964,857,620,0,0,False,False,False,False,0.0,0.0,0.0,"Mozilla/5.0 (Macintosh; Intel Mac OS X 10_15_7) AppleWebKit/537.36 (KHTML, like Gecko) Chrome/141.0.0.0 Safari/537.36",1470,956,1251,772,human,captcha2_success
session_1763498840499_3ok9bazyj,1763498840519,20.1,20.1,mousemove,457,652,31.5,243.0,457,1375,666,740,0,1,False,False,False,False,0.0,0.0,0.0,"Mozilla/5.0 (Macintosh; Intel Mac OS X 10_15_7) AppleWebKit/537.36 (KHTML, like Gecko) Chrome/141.0.0.0 Safari/537.36",1470,956,1251,772,human,captcha3_success
session_1763498840499_3ok9bazyj,1763498840619,120.1,100.0,mousemove,458,652,32.5,243.0,458,1375,667,740,0,1,False,False,False,False,10.0,100.0,0.0,"Mozilla/5.0 (Macintosh; Intel Mac OS X 10_15_7) AppleWebKit/537.36 (KHTML, like Gecko) Chrome/141.0.0.0 Safari/537.36",1470,956,1251,772,human,captcha3_success
session_1763498840499_3ok9bazyj,1763498840637,137.4,17.3,mousemove,460,652,34.5,243.0,460,1375,669,740,0,1,False,False,False,False,115.61,6104.45,0.0,"Mozilla/5.0 (Macintosh; Intel Mac OS X 10_15_7) AppleWebKit/537.36 (KHTML, like Gecko) Chrome/141.0.0.0 Safari/537.36",1470,956,1251,772,human,captcha3_success
session_1763498840499_3ok9bazyj,1763498840653,154.1,16.7,mousemove,464,652,38.5,243.0,464,1375,673,740,0,1,False,False,False,False,239.52,7419.82,0.0,"Mozilla/5.0 (Macintosh; Intel Mac OS X 10_15_7) AppleWebKit/537.36 (KHTML, like Gecko) Chrome/141.0.0.0 Safari/537.36",1470,956,1251,772,human,captcha3_success
session_1763498840499_3ok9bazyj,1763498840670,170.9,16.8,mousemove,469,652,43.5,243.0,469,1375,678,740,0,1,False,False,False,False,297.62,3458.28,0.0,"Mozilla/5.0 (Macintosh; Intel Mac OS X 10_15_7) AppleWebKit/537.36 (KHTML, like Gecko) Chrome/141.0.0.0 Safari/537.36",1470,956,1251,772,human,captcha3_success
session_1763498840499_3ok9bazyj,1763498840687,187.5,16.6,mousemove,477,652,51.5,243.0,477,1375,686,740,0,1,False,False,False,False,481.93,11102.87,0.0,"Mozilla/5.0 (Macintosh; Intel Mac OS X 10_15_7) AppleWebKit/537.36 (KHTML, like Gecko) Chrome/141.0.0.0 Safari/537.36",1470,956,1251,772,human,captcha3_success
session_1763498840499_3ok9bazyj,1763498840704,204.3,16.8,mousemove,485,652,59.5,243.0,485,1375,694,740,0,1,False,False,False,False,476.19,-341.64,0.0,"Mozilla/5.0 (Macintosh; Intel Mac OS X 10_15_7) AppleWebKit/537.36 (KHTML, like Gecko) Chrome/141.0.0.0 Safari/537.36",1470,956,1251,772,human,captcha3_success
session_1763498840499_3ok9bazyj,1763498840720,220.7,16.4,mousemove,496,652,70.5,243.0,496,1375,705,740,0,1,False,False,False,False,670.73,11862.3,0.0,"Mozilla/5.0 (Macintosh; Intel Mac OS X 10_15_7) AppleWebKit/537.36 (KHTML, like Gecko) Chrome/141.0.0.0 Safari/537.36",1470,956,1251,772,human,captcha3_success
session_1763498840499_3ok9bazyj,1763498840737,237.6,16.9,mousemove,508,652,82.5,243.0,508,1375,717,740,0,1,False,False,False,False,710.06,2327.17,0.0,"Mozilla/5.0 (Macintosh; Intel Mac OS X 10_15_7) AppleWebKit/537.36 (KHTML, like Gecko) Chrome/141.0.0.0 Safari/537.36",1470,956,1251,772,human,captcha3_success
session_1763498840499_3ok9bazyj,1763498840753,254.0,16.4,mousemove,520,652,94.5,243.0,520,1375,729,740,0,1,False,False,False,False,731.71,1319.96,0.0,"Mozilla/5.0 (Macintosh; Intel Mac OS X 10_15_7) AppleWebKit/537.36 (KHTML, like Gecko) Chrome/141.0.0.0 Safari/537.36",1470,956,1251,772,human,captcha3_success
session_1763498840499_3ok9bazyj,1763498840770,270.3,16.3,mousemove,534,651,108.5,242.0,534,1374,743,739,0,1,False,False,False,False,861.08,7937.05,-4.09,"Mozilla/5.0 (Macintosh; Intel Mac OS X 10_15_7) AppleWebKit/537.36 (KHTML, like Gecko) Chrome/141.0.0.0 Safari/537.36",1470,956,1251,772,human,captcha3_success
session_1763498840499_3ok9bazyj,1763498840786,286.7,16.4,mousemove,547,650,121.5,241.0,547,1373,756,738,0,1,False,False,False,False,795.02,-4027.76,-4.4,"Mozilla/5.0 (Macintosh; Intel Mac OS X 10_15_7) AppleWebKit/537.36 (KHTML, like Gecko) Chrome/141.0.0.0 Safari/537.36",1470,956,1251,772,human,captcha3_success
session_1763498840499_3ok9bazyj,1763498840803,303.3,16.6,mousemove,560,649,134.5,240.0,560,1373,769,737,0,1,False,False,False,False,785.45,-576.74,-4.4,"Mozilla/5.0 (Macintosh; Intel Mac OS X 10_15_7) AppleWebKit/537.36 (KHTML, like Gecko) Chrome/141.0.0.0 Safari/537.36",1470,956,1251,772,human,captcha3_success
session_1763498840499_3ok9bazyj,1763498840819,320.1,16.8,mousemove,571,649,145.5,240.0,571,1373,780,737,0,1,False,False,False,False,654.76,-7779.05,0.0,"Mozilla/5.0 (Macintosh; Intel Mac OS X 10_15_7) AppleWebKit/537.36 (KHTML, like Gecko) Chrome/141.0.0.0 Safari/537.36",1470,956,1251,772,human,captcha3_success
session_1763498840499_3ok9bazyj,1763498840835,335.7,15.6,mousemove,580,649,154.5,240.0,580,1373,789,737,0,1,False,False,False,False,576.92,-4989.55,0.0,"Mozilla/5.0 (Macintosh; Intel Mac OS X 10_15_7) AppleWebKit/537.36 (KHTML, like Gecko) Chrome/141.0.0.0 Safari/537.36",1470,956,1251,772,human,captcha3_success
session_1763498840499_3ok9bazyj,1763498840853,353.5,17.8,mousemove,589,649,163.5,240.0,589,1373,798,737,0,1,False,False,False,False,505.62,-4005.73,0.0,"Mozilla/5.0 (Macintosh; Intel Mac OS X 10_15_7) AppleWebKit/537.36 (KHTML, like Gecko) Chrome/141.0.0.0 Safari/537.36",1470,956,1251,772,human,captcha3_success
session_1763498840499_3ok9bazyj,1763498840869,370.3,16.8,mousemove,595,649,169.5,240.0,595,1373,804,737,0,1,False,False,False,False,357.14,-8837.93,0.0,"Mozilla/5.0 (Macintosh; Intel Mac OS X 10_15_7) AppleWebKit/537.36 (KHTML, like Gecko) Chrome/141.0.0.0 Safari/537.36",1470,956,1251,772,human,captcha3_success
session_1763498840499_3ok9bazyj,1763498840886,386.8,16.5,mousemove,601,649,175.5,240.0,601,1373,810,737,0,1,False,False,False,False,363.64,393.72,0.0,"Mozilla/5.0 (Macintosh; Intel Mac OS X 10_15_7) AppleWebKit/537.36 (KHTML, like Gecko) Chrome/141.0.0.0 Safari/537.36",1470,956,1251,772,human,captcha3_success
session_1763498840499_3ok9bazyj,1763498840903,403.3,16.5,mousemove,606,649,180.5,240.0,606,1373,815,737,0,1,False,False,False,False,303.03,-3673.31,0.0,"Mozilla/5.0 (Macintosh; Intel Mac OS X 10_15_7) AppleWebKit/537.36 (KHTML, like Gecko) Chrome/141.0.0.0 Safari/537.36",1470,956,1251,772,human,captcha3_success
session_1763498840499_3ok9bazyj,1763498840919,419.7,16.4,mousemove,610,649,184.5,240.0,610,1373,819,737,0,1,False,False,False,False,243.9,-3605.34,0.0,"Mozilla/5.0 (Macintosh; Intel Mac OS X 10_15_7) AppleWebKit/537.36 (KHTML, like Gecko) Chrome/141.0.0.0 Safari/537.36",1470,956,1251,772,human,captcha3_success
session_1763498840499_3ok9bazyj,1763498840936,436.5,16.8,mousemove,613,649,187.5,240.0,613,1373,822,737,0,1,False,False,False,False,178.57,-3888.61,0.0,"Mozilla/5.0 (Macintosh; Intel Mac OS X 10_15_7) AppleWebKit/537.36 (KHTML, like Gecko) Chrome/141.0.0.0 Safari/537.36",1470,956,1251,772,human,captcha3_success
session_1763498840499_3ok9bazyj,1763498840952,453.1,16.6,mousemove,616,649,190.5,240.0,616,1373,825,737,0,1,False,False,False,False,180.72,129.69,0.0,"Mozilla/5.0 (Macintosh; Intel Mac OS X 10_15_7) AppleWebKit/537.36 (KHTML, like Gecko) Chrome/141.0.0.0 Safari/537.36",1470,956,1251,772,human,captcha3_success
session_1763498840499_3ok9bazyj,1763498840968,468.9,15.8,mousemove,618,649,192.5,240.0,618,1373,827,737,0,1,False,False,False,False,126.58,-3426.44,0.0,"Mozilla/5.0 (Macintosh; Intel Mac OS X 10_15_7) AppleWebKit/537.36 (KHTML, like Gecko) Chrome/141.0.0.0 Safari/537.36",1470,956,1251,772,human,captcha3_success
session_1763498840499_3ok9bazyj,1763498840986,487.2,18.3,mousemove,621,649,195.5,240.0,621,1373,830,737,0,1,False,False,False,False,163.93,2041.23,0.0,"Mozilla/5.0 (Macintosh; Intel Mac OS X 10_15_7) AppleWebKit/537.36 (KHTML, like Gecko) Chrome/141.0.0.0 Safari/537.36",1470,956,1251,772,human,captcha3_success
session_1763498840499_3ok9bazyj,1763498841002,503.1,15.9,mousemove,623,649,197.5,240.0,623,1373,832,737,0,1,False,False,False,False,125.79,-2398.98,0.0,"Mozilla/5.0 (Macintosh; Intel Mac OS X 10_15_7) AppleWebKit/537.36 (KHTML, like Gecko) Chrome/141.0.0.0 Safari/537.36",1470,956,1251,772,human,captcha3_success
session_1763498840499_3ok9bazyj,1763498841019,519.7,16.6,mousemove,624,649,198.5,240.0,624,1373,833,737,0,1,False,False,False,False,60.24,-3948.74,0.0,"Mozilla/5.0 (Macintosh; Intel Mac OS X 10_15_7) AppleWebKit/537.36 (KHTML, like Gecko) Chrome/141.0.0.0 Safari/537.36",1470,956,1251,772,human,captcha3_success
session_1763498840499_3ok9bazyj,1763498841036,536.5,16.8,mousemove,624,649,198.5,240.0,624,1373,833,737,0,1,False,False,False,False,0.0,-3585.71,0.0,"Mozilla/5.0 (Macintosh; Intel Mac OS X 10_15_7) AppleWebKit/537.36 (KHTML, like Gecko) Chrome/141.0.0.0 Safari/537.36",1470,956,1251,772,human,captcha3_success
session_1763498840499_3ok9bazyj,1763498841052,553.1,16.6,mousemove,625,649,199.5,240.0,625,1373,834,737,0,1,False,False,False,False,60.24,3628.97,0.0,"Mozilla/5.0 (Macintosh; Intel Mac OS X 10_15_7) AppleWebKit/537.36 (KHTML, like Gecko) Chrome/141.0.0.0 Safari/537.36",1470,956,1251,772,human,captcha3_success
session_1763498840499_3ok9bazyj,1763498841253,753.8,200.7,mousemove,625,649,199.5,240.0,625,1373,834,737,0,1,False,False,False,False,0.0,-300.15,0.0,"Mozilla/5.0 (Macintosh; Intel Mac OS X 10_15_7) AppleWebKit/537.36 (KHTML, like Gecko) Chrome/141.0.0.0 Safari/537.36",1470,956,1251,772,human,captcha3_success
session_1763498840499_3ok9bazyj,1763498841303,803.6,49.8,mousemove,625,649,199.5,240.0,625,1373,834,737,0,1,False,False,False,False,0.0,0.0,0.0,"Mozilla/5.0 (Macintosh; Intel Mac OS X 10_15_7) AppleWebKit/537.36 (KHTML, like Gecko) Chrome/141.0.0.0 Safari/537.36",1470,956,1251,772,human,captcha3_success
session_1763498840499_3ok9bazyj,1763498841320,820.3,16.7,mousemove,625,649,199.5,240.0,625,1372,834,737,0,1,False,False,False,False,0.0,0.0,0.0,"Mozilla/5.0 (Macintosh; Intel Mac OS X 10_15_7) AppleWebKit/537.36 (KHTML, like Gecko) Chrome/141.0.0.0 Safari/537.36",1470,956,1251,772,human,captcha3_success
session_1763498840499_3ok9bazyj,1763498841336,837.0,16.7,mousemove,625,649,199.5,240.0,625,1372,834,737,0,1,False,False,False,False,0.0,0.0,0.0,"Mozilla/5.0 (Macintosh; Intel Mac OS X 10_15_7) AppleWebKit/537.36 (KHTML, like Gecko) Chrome/141.0.0.0 Safari/537.36",1470,956,1251,772,human,captcha3_success
session_1763498840499_3ok9bazyj,1763498841353,853.6,16.6,mousemove,625,648,199.5,239.0,625,1371,834,736,0,1,False,False,False,False,60.24,3628.97,-90.0,"Mozilla/5.0 (Macintosh; Intel Mac OS X 10_15_7) AppleWebKit/537.36 (KHTML, like Gecko) Chrome/141.0.0.0 Safari/537.36",1470,956,1251,772,human,captcha3_success
session_1763498840499_3ok9bazyj,1763498841370,870.3,16.7,mousemove,624,646,198.5,237.0,624,1370,833,734,0,1,False,False,False,False,133.9,4410.56,-116.57,"Mozilla/5.0 (Macintosh; Intel Mac OS X 10_15_7) AppleWebKit/537.36 (KHTML, like Gecko) Chrome/141.0.0.0 Safari/537.36",1470,956,1251,772,human,captcha3_success
session_1763498840499_3ok9bazyj,1763498841383,884.1,13.8,mouseup,624,646,198.5,237.0,624,1370,833,734,0,0,False,False,False,False,0.0,-9702.9,0.0,"Mozilla/5.0 (Macintosh; Intel Mac OS X 10_15_7) AppleWebKit/537.36 (KHTML, like Gecko) Chrome/141.0.0.0 Safari/537.36",1470,956,1251,772,human,captcha3_success
